sequence,monomer_state
MSKGEELFTGVVPILVELDGDVNGHKFSVSGEGEGDATYGKLTLKFICTTGKLPVPWPTLVTTFAYGVQCFSRYPDHMKQHDFFKSAMPEGYVQERTIFYKDDGNYKSRAEVKFEGDTLVNRIELKGIDFKEDGNILGHKMEYNYNSHNVYIMADKQKNGIKVNFKIRHNIEDGSVQLADHYQQNTPIGDGPVLLPDNHYLSTQSALSKDPNEKRDHMILLEFVTAAGITHGMDELYK,0
MSKGEELFTGVVPILVELDGDVNGHKFSVSGEGEGDATYGKLTLKFICTTGKLPVPWPTLVTTFCYGVQCFSRYPDHMKQHDFFKSAMPEGYVQERTIFYKDDGNYKSRAEVKFEGDTLVNRIELKGIDFKEDGNILGHKMEYNYNSHNVYIMADKQKNGIKVNFKIRHNIEDGSVQLADHYQQNTPIGDGPVLLPDNHYLSTQSALSKDPNEKRDHMILLEFVTAAGITHGMDELYK,0
MSKGEELFTGVVPILVELDGDVNGHKFSVSGEGEGDATYGKLTLKFICTTGKLPVPWPTLVTTFLYGVQCFSRYPDHMKQHDFFKSAMPEGYVQERTIFYKDDGNYKSRAEVKFEGDTLVNRIELKGIDFKEDGNILGHKMEYNYNSHNVYIMADKQKNGIKVNFKIRHNIEDGSVQLADHYQQNTPIGDGPVLLPDNHYLSTQSALSKDPNEKRDHMILLEFVTAAGITHGMDELYK,0
MSKGEELFTGVVPILVELDGDVNGHKFSVSGEGEGDATYGKLTLKFICTTGKLPVPWPTLVTTFTYGVQCFSRYPDHMKQHDFFKSAMPEGYVQERTIFYKDDGNYKSRAEVKFEGDTLVNRIELKGIDFKEDGNILGHKMEYNYNSHNVYIMADKQKNGIKVNFKIRHNIEDGSVQLADHYQQNTPIGDGPVLLPDNHYLSTQSALSKDPNEKRDHMILLEFVTAAGITHGMDELYK,0
MSKGEELFTGVVPILVELDGDVNGHKFSVSGEGEGDATYGKLTLKFICTTGKLPVPWPTLVTTFSFGVQCFSRYPDHMKQHDFFKSAMPEGYVQERTIFYKDDGNYKSRAEVKFEGDTLVNRIELKGIDFKEDGNILGHKMEYNYNSHNVYIMADKQKNGIKVNFKIRHNIEDGSVQLADHYQQNTPIGDGPVLLPDNHYLSTQSALSKDPNEKRDHMILLEFVTAAGITHGMDELYK,0
MSKGEELFTGVVPILVELDGDVNGHKFSVSGEGEGDATYGKLTLKFICTTGKLPVPWPTLVTTFSHGVQCFSRYPDHMKQHDFFKSAMPEGYVQERTIFYKDDGNYKSRAEVKFEGDTLVNRIELKGIDFKEDGNILGHKMEYNYNSHNVYIMADKQKNGIKVNFKIRHNIEDGSVQLADHYQQNTPIGDGPVLLPDNHYLSTQSALSKDPNEKRDHMILLEFVTAAGITHGMDELYK,0
MSKGEELFTGVVPILVELDGDVNGHKFSVSGEGEGDATYGKLTLKFICTTGKLPVPWPTLVTTFGYGLQCFARYPDHMKRHDFFKSAMPEGYVQERTIFFKDDGNYKTRAEVKFEGDTLVNRIELKGIDFKEDGNILGHKLEYNYNSGNVYIMADKQKNGIKVNFKIRHNIEDGSVQLADHYQQNTPIGDGPVLLPDNHYLSYQSALSKDPNEKRDHMVLLEFVTAAGITHGMDELYK,0
KGEELFTGVVPILVELDGDVNGHKFSVSGEGEGDATYGKLTLKFICTTGKLPVPWPTLVTTFGYGLQCFARYPDHMKRHDFFKSAMPEGYVQERTIFFKDDGNYKTRAEVKFEGDTLVNRIELKGIDFKEDGNILGHKLEYNYNSHNVYIMADKQKNGIKVNFKIRHNIEDGSVQLADHYQQNTPIGDGPVLLPDNHYLSYQSALSKDPNEKRDHMVLLEFVTAAGI,0
MAGLLKESMRIKMYMEGTVNGHYFKCEGEGDGNPFTGTQSMRIHVTEGAPLPFAFDILAPCCEYGSRTFVHHTAEIPDFFKQSFPEGFTWERTTTYEDGGILTAHQDTSLEGNCLIYKVKVLGTNFPADGPVMKNKSGGWEPCTEVVYPENGVLCGRNVMALKVGDRRLICHLYTSYRSKKAVRALTMPGFHFTDIRLQMPRKKKDEYFELYEASVARYSDLPEKAN,0
TGSRHHHHHHSRKGEELFTGVVPILVELDGDVNGHKFSVSGEGEGDATYGKLTLKFICTTGKLPVPWPTLVTTFSYGVQCFSRYPDHMKRHDFFKSAMPEGYVQERTISFKDDGNYKTRAEVKFEGDTLVNRIELKGIDFKEDGNILGHKLEYNYNSHNVYITADKQKNGIKANFKIRHNIEDGSVQLADHYQQNTPIGDGPVLLPDNHYLSTQSALSKDPNEKRDHMVLLEFVTAAGLVPRGTGLYK,0
RSPGMSGLLKESMRIKMYMEGTVNGHYFKCEGEGDGNPFAGTQGMRIHVTEGAPLPFAFDILAPCCAYGSRTFVHHTAEIPDFFKQSFPEGFTWERTTTYEDGGILTAHQDTSLEGNCLIYKVKVHGTNFPADGPVMKNESGGWEPSTEVVYPENGVLCGRNVMALKVGDRHLICHLYTSYKSKKAVRALTMPGFHFTDIRLQMLRKKKDEYFELYEASVARYSDLPEKAN,0
MSAIKPDMKINLRMEGNVNGHHFVIDGDGTGKPFEGKQSMDLEVKEGGPLPFAFDILTTAFHYGNRVFAEYPDHIQDYFKQSFPKGYSWERSLTFEDGGICIARNDITMEGDTFYNKVRFHGVNFPANGPVMQKKTLKWEPSTEKMYVRDGVLTGDIHMALLLEGNAHYRCDFRTTYKAKEKGVKLPGYHFVDHCIEILSHDKDYNKVKLYEHAVAHSGLPDNARR,0
MSAIKPDMKINLRMEGNVNGHHFVIDGDGTGKPFEGKQSMDLEVKEGGPLPFAFDILTTAFHYGNRVFAEYPDHIQDYFKQSFPKGYSWERSLTFEDGGICIARNDITMEGDTFYNKVRFHGTNFPANGPVMQKKTLKWEPSTEKMYVRDGVLTGDITMALLLEGNAHYRCDFRTTYKAKEKGVKLPGYHFVDHCIEILSHDKDYNKVKLYEHAVAHSGLPDNARR,0
MVASSEDVIKEFMRFKVRMEGSVNGHEFEIEGEGEGRPYEGTQTAKLKVTKGGPLPFAWDILSPQFQYGSKAYVKHPADIPDYKKLSFPEGFKWERVMNFEDGGVVTVTQDSSLQDGTLIYKVKFRGTNFPPDGPVMQKKTMGWEASTERLYPRDGVLKGEIHQALKLKDGGHYLVEFKTIYMAKKPVQLPGYYYVDTKLDITSHNEDYTIVEQYERSEGRHHLFL,0
MVSKGEEVIKEFMRFKVRMEGSMNGHEFEIEGEGEGRPYEGTQTAKLKVTKGGPLPFAWDILSPQFMYGSKAYVKHPADIPDYKKLSFPEGFKWERVMNFEDGGLVTVTQDSSLQDGTLIYKVKMRGTNFPPDGPVMQKKTMGWEASTERLYPRDGVLKGEIHQALKLKDGGHYLVEFKTIYMAKKPVQLPGYYYVDTKLDITSHNEDYTIVEQYERSEGRHHLFLYGMDELYK,0
GSSGALLFHGKIPYVVEMEGNVDGHTFSIRGKGYGDASVGKVDAQFICTTGDVPVPWSTLVTTLGYGAQCFAKYGPELKDFYKSCMPDGYVQERTITFEGDGNFKTRAEVTFENGSVYNRVKLNGQGFKKDGHVLGKNLEFNFTPHCLYIWGDQANHGLKSAFKICHEITGSKGDFIVADHTQMNTPIGGGPVHVPEYHHMSYHVKLSKDVTDHRDNMSLKETVRAVDCRKTYDFDAGSGDTSLIS,0
MNVMRYNRGFCRVLQNGVKNLRSRNCSTEEKPVILGAMTETFQKKLPYKLELDGDVDGQTFKVIGEGVGDATTGVIEGKYVCTEGEVPISWVSLITSLSYGAKCFVRYPNEINDFFKSTFPSGYHQERKITYENDGVLETAAKITMESGAIVNRINVKGTGFDKDGHVCQKNLESSPPSTTYVVPEGEGIRIIYRNIYPTKDGHYVVADTQQVNRPIRAQGTSAIPTYHHIKSKVDLSTDPEENKDHIIIKETNCAFDADFS,0
MAEYFEKPLPYKVELEGDVDGQKFTVIGEGQGDASTGRVEGKYVCTKGEVPISWVSLITSLSYGGKCFVRYPNVIKDFFKSTFPTGYHQERKITYEDDGVLETAAKVTLESGAIYNRISVKGVGFKKDGNVCKKRLHSSPPQVSYVVPYGEGIRVLYSNIYPTKDGGYVVADTRQVNRPIKAEGKSAIPKYHYIKSKIDLSTDPNERKDHIIIKEVNVASGIDFS,0
MSKGEELFTGVVPILVELDGDVNGHKFSVSGEGEGDATYGKLTLKFICTTGKLPVPWPTLVTTFSYGVQCFSRYPDHMKRHDFFKSAMPEGYVQERTIFFKDDGNYKTRAEVKFEGDTLVNRIELKGIDFKEDGNILGHKLEYNYNSHNVYIMADKQKNGIKVNFKIRHNIEDGSVQLADHYQQNTPIGDGPVLLPDNHYLSTQSALSKDPNEKRDHMVLLEFVTAAGITHGMDELYK,0
SAHGLTDDMTMHFRMEGCVDGHKFVIEGNGNGNPFKGKQFINLCVIEGGPLPFSEDILSAAFDYGNRLFTEYPEGIVDYFKNSCPAGYTWHRSFRFEDGAVCICSADITVNVRENCIYHESTFYGVNFPADGPVMKKMTTNWEPSCEKIIPINSQKILKGDVSMYLLLKDGGRYRCQFDTIYKAKTEPKEMPDWHFIQHKLNREDRSDAKNQKWQLIEHAIASRSALP,0
LPAMEIECRITGTLNGVEFELVGGGEGTPEQGRMTNKMKSTKGALTFSPYLLSHVMGYGFYHFGTYPSGYENPFLHAINNGGYTNTRIEKYEDGGVLHVSFSYRYEAGRVIGDFKVMGTGFPEDSVIFTDKIIRSNATVEHLHPMGDNDLDGSFTRTFSLRDGGYYSSVVDSHMHFKSAIHPSILQNGGPMFAFRRVEEDHSNTELGIVEYQHAFKTPD,0
MPAMKIECRITGTLNGVEFELVGGGEGTPEQGRMTNKMKSTKGALTFSPYLLSHVMGYGFYHFGTYPSGYENPFLHAINNGGYTNTRIEKYEDGGVLHVSFSYRYEAGRVIGDFKVVGTGFPEDSVIFTDKIIRSNATVEHLHPMGDNVLVGSFARTFSLRDGGYYSFVVDSHMHFKSAIHPSILQNGGPMFAFRRVEELHSNTELGIVEYQHAFKTPIAFA,0
LPAMEIECRITGTLNGVEFELVGGGEGTPEQGRMTNKMKSTKGALTFSPYLLSHVMGYGFYHFGTYPSGYENPFLHAINNGGYTNTRIEKYEDGGVLHVSFSYRYEAGRVIGDFKVMGTGFPEDSVIFTDKIIRSNATVEHLHPMGDNDLDGSFTRTFSLRDGGYYSSVVDSHMHFKSAIHPSILQNGGPMFAFRRLEEDHSNTELGIVEYQHAFKTPD,0
GVIKPDMKIKLKMEGNVNGHAFVIEGEGEGKPYDGTNTINLEVKEGAPLPFSYDILTNAFQYGNRAFTKYPDDIPNYFKQSFPEGYSWERTMTFEDKGIVKVKSDISMEEDSFIYEIHLKGENFPPNGPVMQKKTLKWEPSTEILYVRDGVLVGDIKHKLLLEGGGHHRVDFKTIYRAKKAVKLPDYHFVDHRIEILNHDKDYNKVTVYESAVARY,0
MVSKGEETTMGVIKPDMKIKLKMEGNVNGHAFVIEGEGEGKPYDGTNTVNLEVKEGAPLPFSYDILSNAFQYGNRAFTKYPDDIANYFKQSFPEGYSWERTMTFEDKGIVKVKSDISMEEDSFIYEIRLKGKNFPPNGPVMQKKTLKWEPSTEILYVRDGVLVGDISHSLLLEGGGHYRCDFKTIYKAKKVVKLPDYHFVDHRIEILNHDKDYNKVTLYENAVARYSLLPPQAGMDELYK,0
TTFKIESRIHGNLNGEKFELVGGGVGEEGRLEIEMKTKDKPLAFSPFLLSHCMGYGFYHFASFPKGTKNIYLHAATNGGYTNTRKEIYEDGGILEVNFRYTYEFNKIIGDVECIGHGFPSQSPIFKDTIVKSCPTVDLMLPMSGNIIASSYARAFQLKDGSFYTAEVKNNIDFKNPIHESFSKSGPMFTHRRVEETHTKENLAMVEYQQVFNSAPRDM,0
MVSVIAKQMTYKVYMSGTVNGHYFEVEGDGKGKPYEGEQTVKLTVTKGGPLPFAWDILSPLFQYGSIPFTKYPEDIPDYVKQSFPEGYTWERTMNFEDGAVCTVSNDSSIQGNCFIYNVKISGTNFPPNGPVMQKKTQGWEPSTERLFARDGMLIGNDYMALKLEGGGHYLCEFKSTYKAKKPVRMPGYHYIDRKLDVTSHNRDYTSVEQCEIAIARHSLLG,0
MVSVIAKQMTYKVYMSGTVNGHYFEVEGDGKGKPYEGEQTVKLTVTKGGPLPFAWDILSPLMCYGSIPFTKYPEDIPDYVKQSFPEGYTWERTMNFEDGAVCTVSNDSSIQGNCFIYNVKISGTNFPPNGPVMQKKTQGWEPSTERLFARDGMLIGNDYMALKLEGGGHYLCEFKSTYKAKKPVRMPGYHYVDRKLDVTSHNRDYTSVEQCEIAIARHSLLG,0
MSKGEELFTGVVPILVELDGDVNGHKFSVSGEGEGDATYGKLTLKFICTTGKLPVPWPTLVTTLSHGVQCFSRYPDHMKQHDFFKSAMPEGYVQERTIFFKDDGNYKTRAEVKFEGDTLVNRIELKGIDFKEDGNILGHKLEYNFNSHNIYIMADKQKNGIKVNFKIRHNIEDGSVQLADHYQQNTPIGDGPVLLPDNHYLSTQSALSKDPNEKRDHMVLLEFRTAAGITHGMDELYKHHHHHH,0
MSKGEELFTGVVPILVELDGDVNGHKFSVSGEGEGDATYGKLTLKLLCTTGKLPVPWPTLVTTLGYGVQCFARYPDHMRQHDFFKSAMPEGYVQERTIFFKDDGNYKTRAEVKFEGDTLVNRIELKGIDFKEDGNILGHKLEYNYNSHNVYITADKQKNGIKANFKIRHNIEDGGVQLADHYQQNTPIGDGPVLLPDNHYLSYQSALFKDPNEKRDHMVLLEFLTAAGITEGMNELYK,0
MVSKGEELFTGVVPILVELDGDVNGHKFSVSGEGEGDATYGKLTLKFICTTGKLPVPWPTLVTTLTYGVQCFARYPDHMKQHDFFKSAMPEGYVQERTIFFKDDGNYKTRAEVKFEGDTLVNRIELKGIDFKEDGNILGHKLEYNYNSHNVYITADKQKNGIKANFKIRHNIEDGGVQLADHYQQNTPIGDGPVLLPDNHYLSTQSALSKDPNEKRDHMVLLEFVTAAGITLGMDELYK,0
MRGSHHHHHHGIHMNSLIKENMRMMVVMEGSVNGYQFKCTGEGDGNPYMGTQTMRIKVVEGGPLPFAFDVLATSFMYGSKTFIKHTKGIPDFFKQSFPEGFTWERVTRYEDGGVITVMQDTSLEDGCLVYHAKVRGVNFPSNGAVMQKKTKGWEPNTEMLYPADGGLRGYSQMALNVDGGGYLFCSFETTYRSKKTDENFKMPGFHFVDHRLERLEESDKEMFVVQHEHAVAKFCDLPSKLGRL,0
MRGSHHHHHHGIHMNSLIKENMRMMVVMEGSVNGYQFKCTGEGDGNPYMGTQTMRIKVVEGGPLPFAFDILATSFMYGSKTFIKHTKGIPDFFKQSFPEGFTWERVTRYEDGGVFTVMQDTSLEDGCLVYHAKVRGVNFPSNGAVMQKKTKGWEPSTEMLYPADGGLRGYSQMALNVDGGGYFSCSFETTYRSKKDVENFKMPGFHFVDHRLERLEESDKEMFVVQHEHAVAKFCDLPSKLGRL,0
MRGSHHHHHHGIHMNSLIKENMRMMVVMEGSVNGYQFKCTGEGDGNPYMGTQTMRIKVVEGGPLPFAFDILATSFMYGSKTFIKHTKGIPDFFKQSFPEGFTWERVTRYEDGGVFRVMQDTSLEDGCLVYHAKVRGVNFPSNGAVMQKKTKGWEPSTEMLYPADGGLRGYCQMALNVDGGGYFFCSFETTYRSKKDDENFKMPGFHFVDHRLERLEESDKEMFVVQHEHAVAKFCDLPSKLGRL,0
HHHHHHGSSELIKENMHMKLYMEGTVNNHHFKCTSEGEGKPYEGTQTMKIKVVEGGPLPFAFDILATSFMYGSKAFINHTQGIPDFFKQSFPEGFTWERITTYEDGGVLTATQDTSFQNGCIIYNVKINGVNFPSNGPVMQKKTRGWEANTEMLYPADGGLRGHSQMALKLVGGGYLHCSFKTTYRSKKPAKNLKMPGFHFVDHRLERIKEADKETYVEQHEMAVAKYCDLPSKLGHR,0
MVGEDSELITENMHMKLYMEGTVNNHHFKCTSEGEGKPYEGTQTMKIKVVEGGPLPFAFDILATSFMYGSKAFINHTQGIPDFFKQSFPEGFTWERITTYEDGGVLTATQDTSLQNGCLIYNVKINGVNFPSNGPVMQKKTLGWEASTEMLYPADSGLRGHGQMALKLVGGGYLHCSLKTTYRSKKPAKNLKMPGFHFVDHRLERIKEADKETYVEQHEMAVAKYCDLPSKLGHS,0
MVSKGEELIKENMHMKLYMEGTVNNHHFKCTSEGEGKPYEGTQTGRIKVVEGGPLPFAFDILATCFMYGSKTFINHTQGIPDFFKQSFPEGFTWERVTTYEDGGVLTATQDTSLQDGCLIYNVKIRGVNFPSNGPVMQKKTLGWEASTEMLYPADGGLEGRCDMALKLVGGGHLICNLKTTYRSKKPAKNLKMPGVYFVDRRLERIKEADNETYVEQHEVAVARYCDLPSKLGHKLNGMDELYK,0
MRGSHHHHHHGMASMTGGQQMGRDLYDDDDKDLATMVDSSRRKWNKTGHAVRAIGRLSSLENVYIMADKQKNGIKANFKIRHNIEDGGVQLAYHYQQNTPIGDGPVLLPDNHYLSTQSKLSKDPNEKRDHMVLLEFVTAAGITLGMDELYKGGTGGSMVSKGEELFTGVVPILVELDGDVNGHKFSVSGEGEGDATYGKLTLKFICTTGKLPVPWPTLVTTLGYGVQCFSRYPDHMKQHDFFKSAMPEGYIQERTIFFKDDGNYKTRAEVKFEGDTLVNRIELKGIDFKEDGNILGHKLEYNTRDQLTEEQIAEFKEAFSLFDKDGDGTITTKELGTVMRSLGQNPTEAELQDMINEVDADGNGTIDFPEFLTMMARKMKDTDSEEEIREAFRVFDKDGNGYISAAELRHVMTNLGEKLTDEEVDEMIREADIDGDGQVNYEEFVQMMTAK,0
MRGSHHHHHHGMASMTGGQQMGRDLYDDDDKMSVIKPEMKMKYFMDGSVNGHEFTVEGEGTGKPYEGKHKITLDVTKGGPLPFAFDLLSTVFSYGNRCLTKYPDDIPDYFKQCFPGGYSWERKFEFEDGGLAIAKAEISLKGNCFEHKSTIEGTFPDSSPIAQNKTLGWEPSTEKMTVRDGSMKGDDAAYLKLVGGGNHKCYFTTTYTAKKKIPNLPQSHFIGHRISSVVNGTKIGVMEDAIAHLYPFNGVPCQ,0
DPTMVSVIKPEMKMRYYMDGSVNGHEFTVEGEGTGRPYEGKQKITLDVTKGGPLPFAFDLLSTVFSYGNRALTKYPDDIPDYFKQCFPGGYSWERKFEFEDGGLAIAKAEISLKGNCFEHKSTIEGTFPDSSPIMQNKTLGWEPSTEKMTVRDGSMKGDDASYLKLVGGGNHKCYFTTTYTAKKKIPNLPGSHFIGHRISSVVEGTKIKVMEDAIAHLYPFNGS,0
MEGGPALFQSDMTFKIFIDGEVNGQKFTIVADGSSKFPHGDFNVHAVCETGKLPMSWKPICHLIQYGEPFFARYPDGISHFAQECFPEGLSIDRTVRFENDGTMTSHHTYELDDTCVVSRITVNCDGFQPDGPIMRDQLVDILPNETHMFPHGPNAVRQLAFIGFTTADGGLMMGHFDSKMTFNGSRAIEIPGPHFVTIITKQMRDTSDKRDHVCQREVAYAHSVPRITSAIGSDED,0
MEGGPALFQSDMTFKIFIDGEVNGQKFTIVADGSSKFPHGDFNVHAVCETGKLPMSWKPICHLIQYGQPFFARYPDGISHFAQECFPEGLSIDRTVRFENDGTMTSHHTYELDDTCVVSRITVNCDGFQPDGPIMRDQLVDILPNETHMFPHGPNAVRQLAFIGFTTADGGLMMGHFDSKMTFNGSRAIEIPGPHFVTIITKQMRDTSDKRDHVCQREVAYAHSVPRITSAIGSDED,0
MEGGPALFQSDMTFKIFIDGEVNGQKFTIVADGSSKFPHGDFNVHAVCETGKLPMSWKPICHLIQYGEPFFARYPDGISHFAQECFPEGLSIDRTVRFENDGTMTSHHTYELDDTCVVSRITVNCDGFQPDGPIMRDQLVDILPNETHMFPHGPNAVRQLAFIGFTTADGGLMMGHFDSKMTFNGSRAIEIPGPHFVTIITKQMRDTADKRDHVCQREVAYAHSVPRITSAIGSDED,0
MEGGPALFQSDMTFKIFIDGEVNGQKFTIVADGSSKFPHGDFNVHAVCETGKLPMSWKPICHLIQYGEPFFARYPDGISHFAQECFPEGLSIDRTVRFENDGTMTSHHTYELDDTCVVSRITVNCDGFQPDGPIMRDQLVDILPNETHMFPHGPNAVRQLAFIGFTTADGGLMMGHFDSKMTFNGSRAIEIPGPHFVTIITKQMRDTSDKRDHVCQREVTYAHSVPRITSAIGSDED,0
MGSSHHHHHHSSGLVPRGSHMGSEGGPALFQSDMTFKIFIDGEVNGQKFTIVADGSSKFPHGDFNVHAVCETGKLPMSWKPICHLIQYGEPFFARYPDGISHFAQECFPEGLSIDRTVRFENDGTMTSHHTYELDDTCVVSRITVNCDGFQPDGPIMRDQLVDILPNETHMFPHGPNAVRQLAFIGFTTADGGLMMGHFDSKMTFNGSRAIEIPGPHFVTIITKQMRDTSDKRDHVCQREVAYAHSVPRITSAIGSDED,0
TTFKIESRIHGNLNGEKFELVGGGVGEEGRLEIEMKTKDKPLAFSPFLLSTCMGYGFYHFASFPKGTKNIYLHAATNGGYTNTRKEIYEDGGILEVNFRYTYEFNKIIGDVECIGHGFPSQSPIFKDTIVKSCPTVDLMLPMSGNIIASSYARAFQLKDGSFYTAEVKNNIDFKNPIHESFSKSGPMFTHRRVEETHTKENLAMVEYQQVFNSAPRDM,0
TTFKIESRIHGNLNGEKFELVGGGVGEEGRLEIEMKTKDKPLAFSPFLLSDCMGYGFYHFASFPKGTKNIYLHAATNGGYTNTRKEIYEDGGILEVNFRYTYEFNKIIGDVECIGHGFPSQSPIFKDTIVKSCPTVDLMLPMSGNIIASSYARAFQLKDGSFYTAEVKNNIDFKNPIHESFSKSGPMFTHRRVEETHTKENLAMVEYQQVFNSAPRDM,0
TTFKIESRIHGNLNGEKFELVGGGVGEEGRLEIEMKTKDKPLAFSPFLLSFCMGYGFYHFASFPKGTKNIYLHAATNGGYTNTRKEIYEDGGILEVNFRYTYEFNKIIGDVECIGHGFPSQSPIFKDTIVKSCPTVDLMLPMSGNIIASSYARAFQLKDGSFYTAEVKNNIDFKNPIHESFSKSGPMFTHRRVEETHTKENLAMVEYQQVFNSAPRDM,0
MSKGEELFTGVVPILVELDGDVNGHKFSVSGEGEGDATYGKLTLKFICTTGKLPVPWPTLVTTLGYGVQCFSRYPDHMKQHDFFKSAMPEGYVQERTIFFKDDGNYKTRAEVKFEGDTLVNRIELKGIDFKEDGNILGHKLEYNYNSHNVYIMADKQKNGIKVNFKIRHNIEDGSVQLADHYQQNTPIGDGPVLLPDNHYLSTQCALSKDPNEKRDHMVLLEFVTAAGITHGMDELYK,0
MSAIKPDMKINLRMEGNVNGHHFVIDGDGTGKPFEGKQSMDLEVKEGGPLPFAFDILTTAFHYGNRVFAEYPDHIQDYFKQSFPKGYSWERSLTFEDGGICIARNDITMEGDTFYNKVRFHGTNFPANGPVMQKKTLKWEPSTEKMYVRDGVLTGDIHMALLLEGNAHYRCDFRTTYKAKEKGVKLPGYHFVDHCIEILSHDKDYNKVKLYEHAVAHSGLPDNARR,0
MSELIKENMHMKLYMEGTVNNHHFKCTSEGEGKPYEGTQTMRIKVVEGGPLPFAFDILATSFMYGSSTFINHTQGIPDFFKQSWPEGFTWERVTTYEDGGVLTATQDTSLQDGCLIYNVKIRGVNFPSNGPVMKKKTLGWEPSTEMLYPADGGLGGVVDMALKLVGGGHLICNFKTTYRSKKPAKNLKMPGVYYVDRRLEIIKEADKETYWEQHEVAVARYCDLPSKLGHK,0
MTALTEGAKLFEKEIPYITELEGDVEGMKFIIKGEGTGDATTGTIKAKYICTTGDLPVPWATILSSLSYGVFCFAKYPRHIADFFKSTQPDGYSQDRIISFDNDGQYDVKAKVTYENGTLYNRVTVKGTGFKSNGNILGMRVLYHSPPHAVYILPDRKNGGMKIEYNKAFDVMGGGHQMARHAQFNKPLGAWEEDYPLYHHLTVWTSFGKDPDDDETDHLTIVEVIKAVDLETYR,0
MSKGEELFTGVVPILVELDGDVNGHKFSVSGEGEGDATYGKLTLKFICTTGKLPVPWPTLVTTLSYGVQCFSRYPDHMKRHDFFKSAMPEGYVQERTIFFKDDGNYKTRAEVKFEGDTLVNRIELKGIDFKEDGNILGHKLEYNYNSHNVYIMADKQKNGIKVNFKTRHNIEDGSVQLADHYQQNTPIGDGPVLLPDNHYLSTQSALSKDPNEKRDHMVLLEFVTAAGITHGMDELYN,0
MNVIKPDMRIKLRMEGAVNGHKFVILGDGNGKPYEGTQTIDVTVKEGGPLPFAYDILTSAFQYGNRVFTKYPDDIADYFKQSFPVGYSWERSMTYEDGGICTVSSDIKMEGNSFIYEIRFHGLNFPSDGPVMQKKTVKWEPSTEKMYVRDGVLKGDVNMTLLLEGGGHYRCDFKSTYKAKRAVQLPDYHYIDHRIEILSHDKDYNKVKLCENAAARCSMLPSQAK,0
MNVIKPDMRIKLRMEGAVNGHKFVILGDGNGKPYEGTQTIDVTVKEGGPLPFAYDILTSAFQYGNRVFTKYPDDIADYFKQSFPVGYSWERSMTYEDGGICTVSSDIKMEGNSFIYEIRFHGLNFPSDGPVMQKKTVKWEPSTEKMYVRDGVLKGDVNMALLLEGGGHYRCDFKSTYKAKRAVQLPDYHYIDHRIEILSHDKDYNKVKLCENAAARCSMLPSQAK,0
MTALTEGAKLFEKEIPYITELEGDVEGMKFIIKGEGTGDATTGTIKAKYICTTGDLPVPWATILSSLSYGVFCFAKYPRHIADFFKSTQPDGYSQDRIISFDNDGQYDVKAKVTCENGTLYNRVTVKGTGFKSNGNILGMRVLYHSPPHAVYILPDRKNGGMKIEYNKAFDVMGGGHQMARHAQFNKPLGAWEEDYPLYHHLTVWTSFGKDPDDDETDHLNIVEVIKAVDLETYR,0
MTALTEGAKLFEKEIPYITELEGDVEGMKFIIKGEGTGDATTGTIKAKYICTTGDLPVPWATILSSLSYGVFCFAKYPRHIADFFKSTQPDGYSQDRIISFDNDGQYDVKAKVTYENGTLYNRVAVKGTGFKSNGNILGMRVLYHSPPHAVYILPDRKNGGMKIEYNKAFDVMGGGHQMARHAQFNKPLGAWEEDYPLYHHLTVWTSFGKDPDDDETDHLNIVEVIKAVDLETYR,0
MPNMTLESAISGTMNGEEFELVGNGDGNTDEGRMTNKMKSTKGPLSFSPYLLSHVLGYGYYHYATFPAGYENVYLHAMKNGGYSNTRTERYEDGGIISATFNYRYEGDKIIGDFKVVGTGFPTNSIIFTDKIIKSNPTCEHIYPKADNILVNAYTRTWMLRDGGYYSAQVNNHMHFKSAIHPTMLQNGGSMFTYRKVEELHTQTEVGIVEYQHVFKTPTAFA,0
EDSELISENMHMKLYMEGTVNDHHFKCTSEGEGKPYEGTQTMKIKVVEGGPLPFAFDILATSFMYGSKTFINHTQGIPDFFKQSFPEGFTWERITTYEDGGVLTATQDTSLQNGCLIYNVKINGVNFPSNGPVMQKKTLGWEASTEMLYPADSGLRGHSQMALKLVGGGYLHCSLKTTYRSKKPAKNLKMPGFYFVDRKLERIKEADKETYVEQHEMAVARYCDLP,0
DSELISENMHMKLYMEGTVNDHHFKCTSEGEGKPYEGTQTMKIKVVEGGPLPFAFDILATSFMYGSKTFINHTQGIPDFFKQSFPEGFTWERITTYEDGGVLTATQDTSLQNGCLIYNVKINGVNFPSNGPVMQKKTLGWEASTEMLYPADSGLRGHSQMALKLVGGGYLHCSLKTTYRSKKPAKNLKMPGFYFVDRKLERIKEADKETYVEQHEMAVARYCDLPSKLGHS,0
MRGSHHHHHHGSDSELISENMHMKLYMEGTVNGHHFKCTSEGEGKPYEGTQTAKIKVVEGGPLPFAFDILATSFMYGSKTFINHTQGIPDFFKQSFPEGFTWERITTYEDGGVLTATQDTSLQNGCLIYNVKINGVNFPSNGPVMQKKTLGWEASTEMLYPADSGLRGHSQMALKLVGGGYLHCSLKTTYRSKKPAKNLKMPGFYFVDRKLERIKEADKETYVEQHEMAVARYCDLPSKLGHS,0
MRGSHHHHHHGSDSELISENMHTKLYMEGTVNGHHFKCTSEGEGKPYEGTQTCKIKVVEGGPLPFAFDILATSFMYGSKTFINHTQGIPDFFKQSFPEGFTWERITTYEDGGVLTATQDTSLQNGCLIYNVKINGVNFPSNGPVMQKKTLGWEANTEMLYPADSGLRGHNQMALKLVGGGYLHCSLKTTYRSKKPAKNLKMPGFYFVDRKLERIKEADKETYVEQHEMAVARYCDLPSKLGHS,0
MVSKGEEDNMASLPATHELHIFGSFNGVDFDMVGRGTGNPNDGYEELNLKSTKGALQFSPWILVPQIGYGFHQYLPFPDGMSPFQAAMKDGSGYQVHRTMQFEDGASLTSNYRYTYEGSHIKGEFQVIGTGFPADGPVMTNSLTAADWCVTKMLYPNDKTIISTFDWTYTTGSGKRYQSTVRTNYTFAKPMAANILKNQPMFVFRKTELKHSKTELNFKEWQKAFTDVMGMDELYK,0
MSSGALLFHGKIPYVVEMEGNVDGHTFSIRGKGYGDASVGKVDAQFICTTGDVPVPWSTLVTTLTYGAQCFAKYGPELKDFYKSCMPDGYVQERTITFEGDGNFKTRAEVTFENGSVYNRVKLNGQGFKKDGHVLGKNLEFNFTPHCLYIWGDQANHGLKSAFKICHEITGSKGDFIVADHTQMNTPIGGGPVHVPEYHHMSYHVKLSKDVTDHRDNMSLKETVRAVDCRKTYDFDAGSGDTS,0
MSGGEELFAGVVPILVELDGDVNGHKFSVSGEGEGDATYGKLTLKFICTTGKLPVPWPTLVTTLCYGVQCFSRYPDHMKQHDFFKSAMPEGYVQERTILFKDDGNYKTRAEVKFEGDTLVNRIELKGKDFKEDGNILGHKLEYSYNSHNVYIMADKQKNGIEVNFKTRHNIEDGSVQLADHYQQNTPIGDGPVLLPDNHYLSTQSALSKDPNEARDHMVLLELSTAACITHGMDELYR,0
MEGGPALFQSDMTFKIFIDGVVNDQKFTIIADGSSKFPHGDFNVHAVCETGKLPMSWKPICHLIQYGEPFFAKYPNGISHFAQECFPEGLTIDRTVRFENDGTMTSHHTYELDGTCVISRITVNCDGFQPDGPIMKDQLVDILPTETHMFPHGSNAVRQLCYIGFTTADGGLMMSHFDSKLTFNGSRAIKIPGPHFVTVIIKQMKDTSDKRDHVCQREVTYAHSVPRITSAI,0
MVSKGAELFTGIVPILIELNGDVNGHKFSVSGEGEGDATYGKLTLKFICTTGKLPVPWPTLVTTLSYGVQCFSRYPDHMKQHDFFKSAMPEGYIQERTIFFEDDGNYKSRAEVKFEGDTLVNRIELTGTDFKEDGNILGNKMEYNYNAHNVYIMTDKAKNGIKVNFKIRHNIEDGSVQLADHYQQNTPIGDGPVLLPDNHYLSTQSALSKDPNEKRDHMIYFGFVTAAAITHGMDELYK,0
DPMVSKGEELFTGVVPILVELDGDVNGHKFSVSGEGEGDATYGKLTLKFILTTGKLPVPWPTLVTTFGYGLMVFARYPDHMKRHDFFKSAMPEGYVQERTIFFKDDGNYKTRAEVKFEGDTLVNRIELKGIDFKEDGNILGHKLEYNYNSHNVYIMADKQKNGIKVNFKIRHNIEDGSVQLADHYQQNTPIGDGPVLLPDNHYLSYQSKLSKDPNEKRDHMVLLEFVTAAGITHGMDELYK,1
MSKGAELFTGIVPILIELDGDVNGHKFSVSGEGEGDATYGKLTLKFICTTGKLPVPWPTLVTTFSYGVQCFSRYPDHMKQHDFFKSAMPEGYIQERTIFFEDDGNYKSRAEVKFEGDTLVNRIELTGTDFKEDGNILGNKMEYNYNAHNVYIMTDKAKNGIKVNFKIRHNIEDGSVQLADHYQQNTPIGDGPVLLPDNHYLSTQSTLSKDPNEKRDHMIYFGFVTAAAITHGMDELYK,1
MSVIKPEMKIKLCMRGTVNGHNFVIEGEGKGNPYEGTQILDLNVTEGAPLPFAYDILTTVFQYGNRAFTKYPADIQDYFKQTFPEGYHWERSMTYEDQGICTATSNISMRGDCFFYDIRFDGTNFPPNGPVMQKKTLKWEPSTEKMYVRDGVLKGDVNMALLLEGGGHYRCDFKTTYKAKKDVRLPDAHKVDHRIEILKHDKDYNKVKLYENAVARYSMLPSQAK,1
MVSKGEEVIKEFMRFKVRMEGSVNGHEFEIEGEGEGRPYEGTQTAKLKVTKGGPLPFAWDILSPQCMYGSKGYVKHPADIPDYLKLSFPEGFKWERVMNFEDGGVVTVTQDSSLQDGEFIYKVKLRGTNFPSDGPVMQKKTMGWEASSERMYPEDGALKGEMKMRLKLKDGGHYDAEVKTTYMAKKPVQLPGAYKTDIKLDITSHNEDYTIVEQYERAEGRHSTGA,1
HHHHHHMSAIKPDMKINLRMEGNVNGHHFVIDGDGTGKPFEGKQSMDLEVKEGGPLPFAFDILTTAFHYGNRVFAEYPDHIQDYFKQSFPKGYSWERSLTFEDGGICIARNDITMEGDTFYNKVRFHGTNFPANGPVMQKKTLKWEPSTEKMYVRDGVLTGDIHMALLLEGNAHYRCDFRTTYKAKEKGVKLPGYHFVDHCIEILSHDKDYNKVKLYEHAVAHSGLPDNARR,1
MASSEDVIKEFMRFKVRMEGSVNGHEFEIEGEGEGRPYEGTQTAKLKVTKGGPLPFAWDILSPQFQYGSKAYVKHPADIPDYLKLSFPEGFKWERVMNFEDGGVVTVTQDSSLQDGEFIYKVKLRGTNFPSDGPVMQKKTMGWEASTERMYPEDGALKGEIKMRLKLKDGGHYDAEVKTTYMAKKPVQLPGAYKTDIKLDITSHNEDYTIVEQYERAEGRHSTGA,1
MASSEDVIKEFMRFKVRMEGSVNGHEFEIEGEGEGRPYEGTQTAKLKVTKGGPLPFAWDILSPQFCYGSKAYVKHPADIPDYLKLSFPEGFKWERVMNFEDGGVVTVTQDSSLQDGEFIYKVKLRGTNFPSDGPVMQKKTMGWEASSERMYPEDGALKGEIKMRLKLKDGGHYDAEVKTTYMAKKPVQLPGAYKTDIKLDITSHNEDYTIVELYERAEGRHSTGA,1
MVSKGEENNMAIIKEFMRFKVRMEGSVNGHEFEIEGEGEGRPYEGFQTAKLKVTKGGPLPFAWDILSPQFGYGSKAYVKHPADIPDYFKLSFPEGFKWERVMNFEDGGVVTVTQDSSLQDGEFIYKVKLRGTNFPSDGPVMQKKTMGWEASSERMYPEDGALKGEIKMRLKLKDGGHYTSEVKTTYKAKKPVQLPGAYIVGIKLDITSHNEDYTIVEQYERAEGRHSTGGMDELYK,1
MVSKGEENNMAVIKEFMRFKVRMEGSVNGHEFEIEGEGEGRPYEGTQTAKLKVTKGGPLPFAWDILSPQFCYGSKAYVKHPTGIPDYFKLSFPEGFKWERVMNFEDGGVVTVAQDSSLQDGEFIYKVKLRGTNFPSDGPVMQKKTMGWEASSERMYPEDGALKGEIKMRLKLKDGGHYSAETKTTYKAKKPVQLPGAYIAGEKIDITSHNEDYTIVELYERAEGRHSTGGMDELYK,1
MASSEDVIKEFMRFKVRMEGSVNGHEFEIEGEGEGRPYEGTQTAKLKVTKGGPLPFAWDILSPQFMWGSKAYVKHPADIPDYLKLSFPEGFKWERVMNFEDGGVVTVTQDSSLQDGEFIYKVKLRGTNFPSDGPVMQKKTMGWAATTERMYPEDGALKGEIKMRLKLKDGGHYDAEVKTTYMAKKPVQLPGAYKIDGKLDITSHNEDYTIVEQYERAEGRHSTGA,1
MVSKGEEVIKEFMRFKEHMEGSVNGHEFEIEGEGEGRPYEGTQTARLKVTKGGPLPFAWDILSPQIMYGSKAYVKHPADIPDYLKLSFPEGFKWERVMNFEDGGVVTVTQDSSLQDGEFIYKVKVRGTNFPSDGPVMQKKTMGWEASSERMYPEDGALKGEMKMRLRLKDGGHYDAEVKTTYMAKKPVQLPGAYKTDIKLDITSHNEDYTIVEQYERAEGRHSTGA,1
MRGSHHHHHHGMASMTGGQQMGRDLYDDDDKDPMSVIKPDMKIKLRMEGAVNGHPFAIEGVGLGKPFEGKQSMDLKVKEGGPLPFAYDILTTVFCYGNRVFAKYPENIVDYFKQSFPEGYSWERSMNYEDGGICIATNDITLDGDCFIYEIRFDGVNFPANGPVMQKRTVKWEPSTEKLYVRDGVLKGDVNMALLLEGGGHYRCDFKTTYKAKKVVQLPDYHFVDHRIEIKSHDKDYNNVNLHEHAEAHSGLPRQAK,1
MVSYSKQGIAQEMRTKYRMEGSVNGHEFTIEGVGTGNPYEGKQMSELVIIKSKGKPLPFSFDILSTAFQYGNRCFTKYPADMPDYFKQAFPDGMSYERSFLFEDGGVATASWSIRLEGNCFIHNSIYHGVNFPADGPVMKKQTIGWDKSFEKMSVAKEVLRGDVTQFLLLEGGGYQRCRFHSTYKTEKPVAMPPSHVVEHQIVRTDLGQTAKGFKVKLEEHAEAHVNPLKVK,1
MVSVIKPEMKMRYYMDGSVNGHEFTIEGEGTGRPYEGHQEMTLRVTMAKGGPMPFAFDLVSHVFCYGHRPFTKYPEEIPDYFKQAFPEGLSWERSLEFEDGGSASVSAHISLRGNTFYHKSKFTGVNFPADGPIMQNQSVDWEPSTEKITASDGVLKGDVTMYLKLEGGGNHKCQFKTTYKAAKKILKMPGSHYISHRLVRKTEGNITELVEDAVAHS,1
MAVPTQVKMKYSMDGNFNGQSFTVVGEGTGNPYEGHQSLKLTVKGEPLPFAFDILSATFTYGNRVFTKYPEGKTDYFKEAFPGGLTWERTMTFEDGGICTVAAEISLTGSVFEHKSKFVGVNFPANGPVIQKKTLGWETSTEKMAANDGSVQGYDTMFLKLEGGGRHKCYFVTNHKAKRAVKVPDNHFVWHRLVRNGDGNTVELEETAEARYDS,1
MSKGAELFTGIVPILIELNGDVNGHKFSVSGEGEGDATYGKLTLKFICTTGKLPVPWPTLVATLSYGVQCFSRYPDHMKQHDFFKSAMPEGYIQERTIFFEDDGNYKSRAEVKFEGDTLVSRIELTGTDFKEDGNILGNKMEYNYNATNVYIMTDKARNGIKVNFKVRHNIKDGSVQLADHYQQNTPIGDGPVLLPDNHYLSTQSALSKDPNEKRDHMIYLEFVTAAAITHGMDELYKWKLN,1
MTGKLPVPWPTLVTTFSYGVQCFSRYPDHMKRHDFFKSAMPEGYVQERTISFKDDGNYKTRAEVKFEGDTLVNRIELKGIDFKEDGNILGHKLEYNYNSHNVYITADKQKNGIKANFKIRHNIEDGSVQLADHYQQNTPIGDGPVLLPDNHYLSTQSKLSKDPNEKRDHMVLLEFVTAAGIGTGSRHHHHHHSRKGEELFTGVVPILVELDGDVNGHKFSVSGEGEGDATYGKLTLKFICT,1
MASSEDVIKEFMRFKVRMEGSVNGHEFEIEGEGEGRPYEGTQTAKLKVTKGGPLPFAWDILSPQFQYGSKAYVKHPADIPDYLKLSFPEGFKWERVMNFEDGGVVTVTQDSSLQDGEFIYKVKLRGTNFPSDGPVMQKKTMGWEAHTERMYPEDGALKGEVKMRLKLKDGGHYDAEVKTTYMAKKPVQLPGAYKTDHKLDITSHNEDYTIVEQYERAEGRHSTGA,1
MRGSHHHHHHGSMSELITENMHMKLYMEGTVNNHHFKCTSEGEGKPYEGTQTQRIKVVEGGPLPFAFDILATSFMYGSHTFINHTQGIPDFWKQSFPEGFTWERVTTYEDGGVLTATQDTSLQDGCLIYNVKIRGVNFPSNGPVMQKKTLGWEAHTEMLYPADGGLEGRTALALKLVGGGHLICNFKTTYRSKKPAKNLKMPGVYYVDYRLERIKEADKETYVEQHEVAVARYCDLPSKLGHKLN,1
MSVIKPDMKIKLRMEGAVNGHPFAIEGVGLGKPFEGKQSMDLKVKEGGPLPFAYDILTTVFCYGNRVFAKYPENIVDYFKQSFPEGYSWERSMNYEDGGICNATNDITLDGDCYIYEIRFDGVNFPANGPVMQKRTVKWEPSTEKLYVRDGVLKGDVNMALSLEGGGHYRCDFKTTYKAKKVVQLPDYHFVDHHIEIKSHDKDYSNVNLHEHAEAHSELPRQAK,1
MNLIKEDMRVKVHMEGNVNGHAFVIEGEGKGKPYEGTQTANLTVKEGAPLPFSYDILTTAVHYGNRVFTKYPEDIPDYFKQSFPEGYSWERTMTFEDKGICTIRSDISLEGDCFFQNVRFKGTNFPPNGPVMQKKTLKWEPSTEKLHVRDGLLVGNINMALLLEGGGHYLCDFKTTYKAKKVVQLPDAHFVDHRIEILGNDSDYNKVKLYEHAVARYSPLPSQVWHHHHHH,1
MASSEDVIKEFMRFKVRMEGSVNGHEFEIEGEGEGRPYEGTQTAKLKVTKGGPLPFAWDILSPQFCYGSKAYVKHPADIPDYLKLSFPEGFKWERVMNFEDGGVVTVTQDSSLQDGEFIYKVKLRGTNFPSDGPVMQKKTMGWEASTERMYPEDGALKGEIKMRLKLKDGGHYDAEVKTTYMAKKPVQLPGAYKTDIKLDITSHNEDYTIVEQYERAEGRHSTGA,1
MASSEDVIKEFMRFKVRMEGSVNGHEFEIEGEGEGRPYEGTQTAKLKVTKGGPLPFAWDILSPQFSYGSKAYVKHPADIPDYLKLSFPEGFKWERVMNFEDGGVVTVTQDSSLQDGEFIYKVKLRGTNFPSDGPVMQKKTMGWEASTERMYPEDGALKGEIKMRLKLKDGGHYDAEVKTTYMAKKPVQLPGAYKTDIKLDITSHNEDYTIVEQYERAEGRHSTGA,1
MASSEDVIKEFMRFKVRMEGSVNGHEFEIEGEGEGRPYEGTQTAKLKVTKGGPLPFAWDILSPQFTYGSKAYVKHPADIPDYLKLSFPEGFKWERVMNFEDGGVVTVTQDSSLQDGEFIYKVKLRGTNFPSDGPVMQKKTMGWEASTERMYPEDGALKGEIKMRLKLKDGGHYDAEVKTTYMAKKPVQLPGAYKTDIKLDITSHNEDYTIVEQYERAEGRHSTGA,1
MVSKGEEDNMAIIKEFMRFKVHMEGSVNGHEFEIEGEGEGRPYEGTQTAKLKVTKGGPLPFAWDILSPQFMYGSKAYVKHPADIPDYLKLSFPEGFKWERVMNFEDGGVVTVTQDSSLQDGEFIYKVKLRGTNFPSDGPVMQKKTMGWEASSERMYPEDGALKGEIKQRLKLKDGGHYDAEVKTTYKAKKPVQLPGAYNVNIKLDITSHNEDYTIVEQYERAEGRHSTGGMDELYK,1
MVSKGEENNMAIIKEFMRFKVRMEGSVNGHEFEIEGEGEGRPYEGTQTAKLKVTKGGPLPFAWDILTPNFTYGSKAYVKHPADIPDYLKLSFPEGFKWERVMNFEDGGVVTVTQDSSLQDGEFIYKVKLRGTNFPSDGPVMQKKTMGWEASSERMYPEDGALKGEIKMRLKLKDGGHYDAEVKTTYKAKKPVQLPGAYIVGIKLDITSHNEDYTIVELYERAEGRHSTGGMDELYK,1
MVSKGEETTMGVIKPDMKIKLKMEGNVNGHAFVIEGEGEGKPYDGTNTINLEVKEGAPLPFSYDILTTAFAYGNRAFTKYPDDIPNYFKQSFPEGYSWERTMTFEDKGIVKVKSDISMEEDSFIYEIHLKGENFPPNGPVMQKKTTGWDASTERMYVRDGVLKGDVKHKLLLEGGGHHRVDFKTIYRAKKAVKLPDYHFVDHRIEILNHDKDYNKVTVYESAVARNSTDGMDELYK,1
GVIKPDMKIKLKMEGNVNGHAFVIEGEGEGKPYDGTNTINLEVKEGAPLPFSYDILTNAFAYGNRAFTKYPDDIPNYFKQSFPEGYSWERTMTFEDKGIVKVKSDISMEEDSFIYEIHLKGENFPPNGPVMQKKTLKWEPSTEILYVRDGVLVGDIKHKLLLEGGGHHRVDFKTIYRAKKAVKLPDYHFVDHRIEILNHDKDYNKVTVYESAVARY,1
MVSKGEETTMGVIKPDMKIKLKMEGNVNGHAFVIEGEGEGKPYDGTNTVNLEVKEGAPLPFSYDILSNAFQYGNRAFTKYPDDIANYFKQSFPEGYSWERTMTFEDKGIVKVKSDISMEEDSFIYEIRLKGKNFPPNGPVMQKKTLKWEPSTEILYVRDGVLVGDIKHPLLLEGGGHYRCDFKTIYKAKKVVKLPDYHFVDHRIEILNHDKDYNKVTLYENAVARYSLLPPQAGMDELYK,1
MVSKGEELFTGVVPILVELDGDVNGHKFSVSGEGEGDATYGKLTLKFICTTGKLPVPWPTLVTTLTWGVQCFARYPDHMKQHDFFKSAMPEGYVQERTIFFKDDGNYKTRAEVKFEGDTLVNRIELKGIDFKEDGNILGHKLEYNAISDNVYITADKQKNGIKANFKIRHNIEDGSVQLADHYQQNTPIGDGPVLLPDNHYLSTQSKLSKDPNEKRDHMVLLEFVTAAGITLGMDELYK,1
MVSKGEELFTGVVPILVELDGDVNGHKFSVSGEGEGDATYGKLTLKFICTTGKLPVPWPTLVTTLTWGVQCFARYPDHMKQHDFFKSAMPEGYVQERTIFFKDDGNYKTRAEVKFEGDTLVNRIELKGIDFKEDGNILGHKLEYNYISDNVYITADKQKNGIKANFKIRHNIEDGGVQLADHYQQNTPIGDGPVLLPDNHYLSTQSALSKDPNEKRDHMVLLEFVTAAGITLGMDELYKHHHHHH,1
MVSKGEELFTGVVPILVELDGDVNGHKFSVSGEGEGDATYGKLTLKLICTTGKLPVPWPTLVTTLGYGLQCFARYPDHMKQHDFFKSAMPEGYVQERTIFFKDDGNYKTRAEVKFEGDTLVNRIELKGIDFKEDGNILGHKLEYNYNSHNVYITADKQKNGIKANFKIRHNIEDGGVQLADHYQQNTPIGDGPVLLPDNHYLSYQSKLSKDPNEKRDHMVLLEFVTAAGITLGMDELYK,1
MVSKGEELFTGVVPILVELDGDVNGHKFSVSGEGEGDATYGKLTLKLICTTGKLPVPWPTLVTTLGYGVQCFARYPDHMKQHDFFKSAMPEGYVQERTIFFKDDGNYKTRAEVKFEGDTLVNRIELKGIDFKEDGNILGHKLEYNYNSHNVYITADKQKNGIKANFKIRHNIEDGGVQLADHYQQNTPIGDGPVLLPDNHYLSYQSKLSKDPNEKRDHMVLLEFVTAAGITLGMDELYK,1
MVSKGEELFTGVVPILVELDGDVNGHKFSVSGEGEGDATYGKLTLKFICTTGKLPVPWPTLVTTLTWGVQCFARYPDHMKQHDFFKSAMPEGYVQERTIFFKDDGNYKTRAEVKFEGDTLVNRIELKGIDFKEDGNILGHKLEYNYISHNVYITADKQKNGIKANFKIRHNIEDGGVQLADHYQQNTPIGDGPVLLPDNHYLSTQSKLSKDPNEKRDHMVLLEFVTAAGITLGMDELYK,1
MVSKGEELFTGVVPILVELDGDVNGHKFSVSGEGEGDATYGKLTLKFICTTGKLPVPWPTLVTTLTWGVQCFARYPDHMKQHDFFKSAMPEGYVQERTIFFKDDGNYKTRAEVKFEGDTLVNRIELKGIDFKEDGNILGHKLEYNYISDNVYITADKQKNGIKANFKIRHNIEDGGVQLADHYQQNTPIGDGPVLLPDNHYLSTQSKLSKDPNEKRDHMVLLEFVTAAGITLGMDELYK,1
MVSKGEELFTGVVPILVELDGDVNGHKFSVSGEGEGDATYGKLTLKFICTTGKLPVPWPTLVTTLTWGVQCFARYPDHMKQHDFFKSAMPEGYVQERTIFFKDDGNYKTRAEVKFEGDTLVNRIELKGIDFKEDGNILGHKLEYNAISDNVYITADKQKNGIKANFKIRHNIEDGGVQLADHYQQNTPIGDGPVLLPDNHYLSTQSKLSKDPNEKRDHMVLLEFVTAAGITLGMDELYK,1
MVSKGEELFTGVVPILVELDGDVNGHKFSVSGEGEGDATYGKLTLKFICTTGKLPVPWPTLVTTLTWGVQCFARYPDHMKQHDFFKSAMPEGYVQERTIFFKDDGNYKTRAEVKFEGDTLVNRIELKGIDFKEDGNILGHKLEYNAISDNVYITADKQKNGIKANFKIRHNIEDSGVQLADHYQQNTPIGDGPVLLPDNHYLSTQSKLSKDPNEKRDHMVLLEFVTAAGITLGMDELYK,1
MVSVIAKQMTYKVYMSGTVNGHYFEVEGDGKGKPYEGEQTVKLTVTKGGPLPFAWDILSPQLQYGSIPFTKYPEDIPDYFKQSFPEGYTWERSMNFEDGAVCTVSNDSSIQGNCFIYNVKISGENFPPNGPVMQKKTQGWEPSTERLFARDGMLIGNDYMALKLEGGGHYLCEFKSTYKAKKPVRMPGRHEIDRKLDVTSHNRDYTSVEQCEIAIARHSLLG,1
MSKGEELFTGIVPVLIELDGDVHGHKFSVRGEGEGDADYGKLEIKFICTTGKLPVPWPTLVTTLGYGIQCFARYPEHMKMNDFFKSAMPEGYIQERTIFFQDDGKYKTRGEVKFEGDTLVNRIELKGMDFKEDGNILGHKLEYNFNSHNVYIMPDKANNGLKVNFKIRHNIEGGGVQLADHYQTNVPLGDGPVLIPINHYLSLQTAISKDRNETRDHMVFLEFFSACGHTHGMDELYK,1
MSKGEELFTGIVPVLIELDGDVHGHKFSVRGEGEGDADYGKLEIKFICTTGKLPVPWPTLVTTLGYGIQCFARYPEHMKMNDFFKSAMPEGYIQERTIFFQDDGKYKTRGEVKFEGDTLVNRIELKGMDFKEDGNILGHKLEYNFNSHNVYIMPDKANNGLKVNFKIRHNIEGGGVQLADHYQTNVPLGDGPVLIPINHYLSFQTAISKDRNETRDHMVFLEFFSACGHTHGMDELYK,1
MSKGEELFTGIVPVLIELDGDVHGHKFSVRGEGEGDADYGKLEIKFICTTGKLPVPWPTLVTTLGYGIQCFARYPEHMKMNDFFKSAMPEGYIQERTIFFQDDGKYKTRGEVKFEGDTLVNRIELKGMDFKEDGNILGHKLEYNFNSHNVYIMPDKANNGLKVNFKIRHNIEGGGVQLADHYQTNVPLGDGPVLIPINHYLSYQTAISKDRNETRDHMVFLEFFSACGHTHGMDELYK,1
MSKGEELFTGIVPVLIELDGDVHGHKFSVRGEGEGDADYGKLEIKFICTTGKLPVPWPTLVTTLSYGILCFARYPEHMKMNDFFKSAMPEGYIQERTIFFQDDGKYKTRGEVKFEGDTLVNRIELKGMDFKEDGNILGHKLEYNFNSHNVYIMPDKANNGLKVNFKIRHNIEGGGVQLADHYQTNVPLGDGPVLIPINHYLSCQTAISKDRNETRDHMVFLEFFSACGHTHGMDELYK,1
MSKGEELFTGIVPVLIELDGDVHGHKFSVRGEGEGDADYGKLEIKFICTTGKLPVPWPTLVTTLSYGIQCFARYPEHMKMNDFFKSAMPEGYIQERTIFFQDDGKYKTRGEVKFEGDTLVNRIELKGMDFKEDGNILGHKLEYNFNSHNVYIMPDKANNGLKVNFKIRHNIEGGGVQLADHYQTNVPLGDGPVLIPINHYLSTQTAISKDRNETRDHMVFLEFFSACGHTHGMDELYK,1
MSKGEELFTGIVPVLIELDGDVHGHKFSVRGEGEGDADYGKLEIKFICTTGKLPVPWPTLVTTLSYGIQCFARYPEHMKMNDFFKSAMPEGYIQERTIFFQDDGKYKTRGEVKFEGDTLVNRIELKGMDFKEDGNILGHKLEYNFNSHNVYIMPDKANNGLKVNFKIRHNIEGGGVQLADHYQTNVPLGDGPVLIPINHYLSHQTAISKDRNETRDHMVLLEFFSACGHTHGMDELYK,1
MSKGEELFTGVVPILVELDGDVHGHKFSVRGEGEGDADYGKLEIKFICTTGKLPVPWPTLVTTLGYGILCFARYPEHMKMNDFFKSAMPEGYIQERTIFFQDDGKYKTRGEVKFEGDTLVNRIELKGMDFKEDGNILGHKLEYNFNSHNVYIMPDKANNGLKVNFKIRHNIEGGGVQLADHYQTNVPLGDGPVLIPINHYLSYQTAISKDRNETRDHMVFLEFFSACGHTHGMDELYK,1
MSKGEELFTGVVPILVELDGDVHGHKFSVRGEGEGDADYGKLEIKFICTTGKLPVPWPTLVTTLGYGILCFARYPEHMKMNDFFKSAMPEGYIQERTIFFQDDGKYKTRGEVKFEGDTLVNRIELKGMDFKEDGNILGHKLEYNFNSHNVYIMPDKANNGLKVNFKIRHNIEGGGVQLADHYQTNVPLGDGPVLIPINHYLSTQTAISKDRNETRDHMVFLEFFSACGHTHGMDELYK,1
MSKGEELFTGIVPVLIELDGDVHGHKFSVRGEGEGDADYGKLEIKFICTTGKLPVPWPTLVTTLGYGIQCFARYPEHMKMNDFFKSAMPEGYIQERTIFFQDDGKYKTRGEVKFEGDTLVNRIELKGMDFKEDGNILGHKLEYNFNSHNVYIMPDKANNGLKVNFKIRHNIEGGGVQLADHYQTNVPLGDGPVLIPINHYLSTQTAISKDRNETRDHMVFLEFFSACGHTHGMDELYK,1
MSKGEELFTGIVPVLIELDGDVHGHKFSVRGEGEGDADYGKLEIKFICTTGKLPVPWPTLVTTLGYGIQCFARYPEHMKMNDFFKSAMPEGYIQERTIFFQDDGKYKTRGEVKFEGDTLVNRIELKGMDFKEDGNILGHKLEYNFNSHNVYIMPDKANNGLKVNFKIRHNIEGGGVQLADHYQTNVPLGDGPVLIPINHYLSHQTAISKDRNETRDHMVFLEFFSACGHTHGMDELYK,1
MSKGEELFTGIVPVLIELDGDVHGHKFSVRGEGEGDADYGKLEIKFICTTGKLPVPWPTLVTTLAYGIQCFARYPEHMKMNDFFKSAMPEGYIQERTIFFQDDGKYKTRGEVKFEGDTLVNRIELKGMDFKEDGNILGHKLEYNFNSHNVYIMPDKANNGLKVNFKIRHNIEGGGVQLADHYQTNVPLGDGPVLIPINHYLSTQTAISKDRNETRDHMVFLEFFSACGHTHGMDELYK,1
MSKGEELFTGIVPVLIELDGDVHGHKFSVRGEGEGDADYGKLEIKFICTTGKLPVPWPTLVTTLSYGILCFARYPEHMKMNDFFKSAMPEGYIQERTIFFQDDGKYKTRGEVKFEGDTLVNRIELKGMDFKEDGNILGHKLEYNFNSHNVYIMPDKANNGLKVNFKIRHNIEGGGVQLADHYQTNVPLGDGPVLIPINHYLSTQTAISKDRNETRDHMVFLEFFSACGHTHGMDELYK,1
MSKGEELFTGIVPVLIELDGDVHGHKFSVRGEGEGDADYGKLEIKFICTTGKLPVPWPTLVTTFSYGIQCFARYPEHMKMNDFFKSAMPEGYIQERTIFFQDDGKYKTRGEVKFEGDTLVNRIELKGMDFKEDGNILGHKLEYNFNSHNVYIMPDKANNGLKVNFKIRHNIEGGGVQLADHYQTNVPLGDGPVLIPINHYLSTQTAISKDRNETRDHMVFLEFFSACGHTHGMDELYK,1
MSKGEELFTGVVPILVELDGDVNGHKFSVSGEGEGDATYGKLTLKFICTTGKLPVPWPTLVTTLTYGVQCFSRYPDHMKQHDFFKSAMPEGYVQERTIFFKDDGNYKTRAEVKFEGDTLVNRIELKGIDFKEDGNILGHKLEYNYNSHNVYIMADKQKNGIKVNFKIRHNIEDGSVQLADHYQQNTPIGDGPVLLPDNHYLSYQSALSKDPNEKRDHMVLLEFVTAAGITHGMDELYK,1
MVSKGEELFTGVVPILVELDGDVNGHKFSVSGEGEGDATYGKLTLKFICTTGKLPVPWPTLVTTLTWGVQCFSRYPDHMKQHDFFKSAMPEGYVQERTIFFKDDGNYKTRAEVKFEGDTLVNRIELKGIDFKEDGNILGHKLEYNYISHNVYITADKQKNGIKANFKIRHNIEDGSVQLADHYQQNTPIGDGPVLLPDNHYLSTQSKLSKDPNEKRDHMVLLEFVTAAGITLGMDELYK,1
MVSKGEELIKENMHMKLYMEGTVNNHHFKCTSEGEGKPYEGTQTMRIKVVEGGPLPFAFDILATSFMYGSRTFINHTQGIPDFFKQSFPEGFTWERVTTYEDGGVLTATQDTSLQDGCLIYNVKIRGVNFPSNGPVMQKKTLGWEANTEMLYPADGGLEGRSDMALKLVGGGHLICNFKTTYRSKKPAKNLKMPGVYYVDHRLERIKEADKETYVEQHEVAVARYCDLPSKLGHKLN,1
MDNTEDVIKEFMQFKVRMEGSVNGHYFEIEGEGEGKPYEGTQTAKLQVTKGGPLPFAWDILSPQFQYGSKAYVKHPADIPDYMKLSFPEGFTWERSMNFEDGGVVEVQQDSSLQDGTFIYKVKFKGVNFPADGPVMQKKTAGWEPSTEKLYPQDGVLKGEISHALKLKDGGHYTCDFKTVYKAKKPVQLPGNHYVDSKLDITNHNEDYTVVEQYEHAEARHSGSQ,1
PFTVSKGEELFTGVVPILVELDGDVNGHKFSVSGEGEGDATYGKLTLKFICTTGKLPVPWPTLVTTLTYGVQCFSRYPDHMKQHDFFKSAMPEGYVQERTIFFKDDGNYKTRAEVKFEGDTLVNRIELKGIDFKEDGNILGHKLEYNYNSHNVYIMADKQKNGIKVNFKIRHNIEDGSVQLADHYQQNTPIGDGPVLLPDNHYLSYQSALSKDPNEKRDHMVLLEFVTAAGITLGMDELY,1
MSELIKENMHMKLYMEGTVNNHHFKCTSEGEGKPYEGTQTMRIKVVEGGPLPFAFDILATSFMYGSRTFINHTQGIPDFFKQSFPEGFTWERVTTYEDGGVLTATQDTSLQDGCLIYNVKIRGVNFPSNGPVMQKKTLGWEANTEMLYPADGGLEGRSDMALKLVGGGHLICNFKTTYRSKKPAKNLKMPGVYYVDHRLERIKEADKETYVEQHEVAVARYCDLPSKLGHK,1
MVSKGEELFTGVVPILVEMDGDVNGRKFSVRGVGEGDATHGKLTLKFICTSGKLPVPWPTLVTTLSYGVQCFSRYPDHMKQHDFFKSAMPEGYVQERTIFFKDDGSYKTRAEVKFEGDTLVNRIVLKGTDFKEDGNILGHKLEYNMNVGNVYITADKQKNGIKANFEIRHNVEDGGVQLADHYQQNTPIGDGSVLLPDNHYLSVQVKLSKDPNEKRDHMVLLEFRTAAGITPGMDELYK,1
MVSKGEELFTGVVPILVELDGDVNGHKFSVRGEGEGDATNGKLTLKFICTTGKLPVPWPTLVTTLSHGVQCFARYPDHMKQHDFFKSAMPEGYVQERTIFFKDDGTYKTRAEVKFEGDTLVNRIELKGVDFKEDGNILGHKLEYNFNSHNIYIMAVKQKNGIKVNFKIRHNVEDGSVQLADHYQQNTPIGDGPVLLPDSHYLSTQSVLSKDPNEKRDHMVLLEFRTAAGITLGMDELYK,1
MSKGEELFTGVVPILVELDGDVNGHKFSVRGEGEGDATNGKLTLKFICTTGKLPVPWPTLVTTLTHGVQCFARYPDHMKRHDFFKSAMPEGYVQERTIFFKDDGTYKTRAEVKFEGDTLVNRIELKGIDFKEDGNILGHKLEYNHNSNNVYIAADKQKNGIKVNFKIRHNVEDGSVQLADHYQQNTPIGDGPVLLPDSHYLSTQSVLSKDPNEKRDHMVLLEFVTAAGITHGMDELYK,1
MSKGEELFTGVVPILVELDGDVNGHKFSVRGEGEGDATNGKLTLKFICTTGKLPVPWPTLVTTLTHGVQCFARYPDHMKRHDFFKSAMPEGYVQERTIFFKDDGTYKTRAEVKFEGDTLVNRIELKGIDFKEDGNILGHKLEYNFNSHNVYIMADKQKNGIKVNFKIRHNVEDGSVQLADHYQQNTPIGDGPVLLPDSHYLSTQSVLSKDPNEKRDHMVLLEFVTAAGITHGMDELYK,1
MVSKGEEDNMAIIKEFMRFKVHMEGSVNGHEFEIEGEGEGRPYEGTQTAKLKVTKGGPLPFAWDILSPQFLFGSRAYVKHPADIPDYLKLSFPEGFKWERVMNFEDGGVVTVTQDSSLQDGEFIYKVKLRGTNFPSDGPVMRRKTMGWEASSERMCPEDGALKGEIKLRLKLRDGGHYDAEVKTTYKAKKPVQLPGAYNVNIKLDITSHNEDYTIVEQYERAEGRHSTGGMDELYK,1
MVSKGEENNVAIIKEFMRFKVHMEGSVNGHEFEIEGEGEGRPYEGTQTAKLKVTKGGPLPFAWDILSPQFLFGSKVYIKHPADIPDYFKLSFPEGFKWERVMNFEDGGVVTVTQDSSLQDGVFIYKVKLRGTNFPSDGPVMQKKTMGWEAFSERMYPEDGALKSEIKTRLKLKDGGHYDAEVKTTYKAKKPVQLPGAYNVNIKLDIVSHNEDYTIVEQYERAEGRHSTGGMDELYK,1
MVSKGEELFTGVVPILVELDGDVNGHKFSVSGEGEGDATYGKLTLKFICTTGKLPVPWPTLVTTLTYGLQCFARYPDHMKQHDFFKSAMPEGYVQERTIFFKDDGNYKTRAEVKFEGDTLVNRIELKGIDFKEDGNILGHKLEYNYNSHNVYITADKQKNGIKANFKIRHNIEDGGVQLADHYQQNTPIGDGPVLLPDNHYLSTQSKLSKDPNEKRDHMVLLEFVTAAGITLGMDELYK,1
MVSKGEELFTGVVPILVELDGDVNGHKFSVSGEGEGDATYGKLTLKFICTTGKLPVPWPTLVTTLTYGVQCFARYPDHMKQHDFFKSAMPEGYVQERTIFFKDDGNYKTRAEVKFEGDTLVNRIELKGIDFKEDGNILGHKLEYNYNSHNVYITADKQKNGIKANFKIRHNIEDGGVQLADHYQQNTPIGDGPVLLPDNHYLSTQSKLSKDPNEKRDHMVLLEFVTAAGITLGMDELYK,1
MVSKGEELFTGVVPILVELDGDVNGHKFSVSGEGEGDATYGKLTLKFICTTGKLPVPWPTLVTTLTYGVQCFARYPDHMKQHDFFKSAMPEGYVQERTIFFKDDGNYKTRAEVKFEGDTLVNRIELKGIDFKEDGNILGHKLEYNYNSHNVYITADKQKNGIKANFKIRHNIEDGGVQLADHYQQNTPIGDGPVLLPDNHYLSTQSKLSKDPNEKRDHMVLLQFVTAAGITLGMDELYK,1
MVSKGEELFTGVVPILVELDGDVNGHKFSVSGEGEGDATYGKLTLKFICTTGKLPVPWPTLVTTLGYGVQCFARYPDHMKQHDFFKSAMPEGYVQERTIFFKDDGNYKTRAEVKFEGDTLVNRIELKGIDFKEDGNILGHKLEYNYNSHNVYITADKQKNGIKANFKIRHNIEDGGVQLADHYQQNTPIGDGPVLLPDNHYLSTQSKLSKDPNEKRDHMVLLEFVTAAGITLGMDELYK,1
MVSKGEELFTGVVPILVELDGDVNGHKFSVSGEGEGDATYGKLTLKFICTTGKLPVPWPTLVTTLSHGLQCFARYPDHMKQHDFFKSAMPEGYVQERTIFFKDDGNYKTRAEVKFEGDTLVNRIELKGIDFKEDGNILGHKLEYNFNSHNVYITADKQKNGIKANFKIRHNIEDGGVQLADHYQQNTPIGDGPVLLPDNHYLSTQSKLSKDPNEKRDHMVLLEFVTAAGITLGMDELYK,1
MVSKGEELFTGVVPILVELDGDVNGHKFSVSGEGEGDATYGKLTLKFICTTGKLPVPWPTLVTTLSHGVQCFARYPDHMKQHDFFKSAMPEGYVQERTIFFKDDGNYKTRAEVKFEGDTLVNRIELKGIDFKEDGNILGHKLEYNFNSHNVYITADKQKNGIKANFKIRHNIEDGGVQLADHYQQNTPIGDGPVLLPDNHYLSTQSKLSKDPNEKRDHMVLLEFVTAAGITLGMDELYK,1
GSHMSVIKPDMKIKLRMEGAVNGHPFAIEGVGLGKPFEGKQSMDLKVKEGGPLPFAYDILTTVFCYGNRVFAKYPENIVDYFKQSFPEGYSWERSMNYEDGGICNATNDITLDGDCYIYEIRFDGVNFPANGPVMQKRTVKWEPSTEKLYVRDGVLKGDVNMALSLEGGGHYRCDFKTTYKAKKVVQLPDYHFVDHHIEIKSHDKDYSNVNLHEHAEAHSELPRQAK,1
MRGSHHHHHHGMASMTGGQQMGRDLYDDDDKDPMSVIKPDMKIKLRMEGAVNGHPFAIEGVGLGKPFEGKQSMDLKVKEGGPLPFAYDILTTVFCYGNRVFAKYPENIVDYFKQSFPEGYSWERSMNYEDGGICNATNDITLDGDCYIYEIRFDGVNFPANGPVMQKRTVKWEPSTEKLYVRDGVLKGDVNMALSLEGGGHYRCDFKTTYKAKKVVQLPDYHFVDHHIEIKSHDKDYSNVNLHEHAEAHSELPRQAK,1
MRGSHHHHHHGSMSELITENMHMKLYMEGTVNNHHFKCTSEGEGKPYEGTQTMRIKVVEGGPLPFAFDILATSFMYGSKTFINHTQGIPDFFKQSFPEGFTWERVTTYEDGGVLTATQDTSLQDGCLIYNVKIRGVNFPSNGPVMQKKTLGWEASTEMLYPADGGLEGRSDMALKLVGGGHLICNLKTTYRSKKPAKNLKMPGVYYVDRRLERIKEADKETYVEQHEVAVARYCDLPSKLGHKLN,1
GEELIKENMHMKLYMEGTVNNHHFKCTSEGEGKPYEGTQTMRIKVVEGGPLPFAFDILATSFMYGSRTFINHTQGIPDFFKQSFPEGFTWERVTTYEDGGVLTATQDTSLQDGCLIYNVKIRGVNFPSNGPVMQKKTLGWEANTEMLYPADGGLEGRTDMALKLVGGGHLICNFKTTYRSKKPAKNLKMPGVYYVDHRLERIKEADKETYVEQHEVAVARYCDLPSKLGHKLNGMDELYK,1
MRGSHHHHHHGMASMTGGQQMGRDLYDDDDKDLATMVDSSRRKWNKTGHAVRAIGRLSSLENVYIMADKQKNGIKANFKIRHNIEDGGVQLAYHYQQNTPIGDGPVLLPDNHYLSVQSKLSKDPNEKRDHMVLLEFVTAAGITLGMDELYKGGTGGSMVSKGEELFTGVVPILVELDGDVNGHKFSVSGEGEGDATYGKLTLKFICTTGKLPVPWPTLVTTLGYGVQCFSRYPDHMKQHDFFKSAMPEGYIQERTIFFKDDGNYKTRAEVKFEGDTLVNRIELKGIDFKEDGNILGHKLEYNTRDQLTEEQIAEFKEAFSLFDKDGDGTITTKELGTVMRSLGQNPTEAELQDMINEVDADGNGTIDFPEFLTMMARWMKDTDSEEEIREAFRVFDKDGNGYISAAELRHVMTNLGEKLTDEEVDEMIREADIDGDGQVNYEEFVQMMTAK,1
MRGSHHHHHHGMASMTGGQQMGRDLYDDDDKDLATMVDSSRRKWNKTGHAVRAIGRLSSLENVYIMADKQKNGIKANFKIRHNIEDRGVQLAYHYQQNTPIGDGPVLLPDNHYLSVQSKLSKDPNEKRDHMVLLEFVTAAGITLGMDELYKGGTGGSMVSKGEELFTGVVPILVELDGDVNGHKFSVSGEGEGDATYGKLTLKFICTTGKLPVPWPTLVTTLGYGVQCFSRYPDHMKQHDFFKSAMPEGYIQERTIFFKDDGNYKTRAEVKFEGDTLVNRIELKGIDFKEDGNILGHKLEYNTRDQLTEEQIAEFKEAFSLFDKDGDGTITTKELGTVMRSLGQNPTEAELQDMINEVDADGNGTIDFPEFLTMMARKMKDTDSEEEIREAFRVFDKDGNGYISAAELRHVMTNLGEKLTDEEVDEMIREADIDGDGQVNYEEFVQMMTAK,1
MVSKGEEDNMAIIKEFMRFKVHMEGSVNGHEFEIEGEGEGRPYEGTQTAKLKVTKGGPLPFAWDILSPQFMYGSKAYVKHPADIPDYLKLSFPEGFKWERVMNFEDGGVVTVTQDSSLQDGEFIYKVKLRGTNFPSDGPVMQKKTMGWVASSERMYPEDGALKGESKQRLKLKDGGHYDAEFWTTYKAKKPVQLPGAYNVNIKLDITSHNEDYTIVEQYERAEGRHSTGGMDELYK,1
MVSKGEEDNMAIIKEFMRFKVHMEGSVNGHEFEIEGEGEGRPYEGTQTAKLKVTKGGPLPFAWDILSPQFMYGSKAYVKHPADIPDYLKLSFPEGFKWERVMNFEDGGVVTVTQDSSLQDGEFIYKVKLRGTNFPSDGPVMQKKTMGWVACSERMYPEDGALKGESKMRLKLKDGGHYDAEFKTTYKAKKPVQLPGAYNVNIKLDITSHNEDYTIVEQYERAEGRHSTGGMDELYK,1
MVSKGEENNMAIIKEFMHFKVRMEGSVNGHEFEIEGEGEARPYEGFQTAKLKVTKGGPLPFAWDILSPQFMYGSKVYIKHPADIPDYFKLSFPEGFRWERVMNFEDGGIIHVNQDSSLQDGVFIYKVKLRGTNFPSDGPVMQKKTMGWEASEERMYPEDGALKSEIKKRLKLKDGGHYAAEVKTTYKAKKPVQLPGAYIVDIKLDIVSHNEDYTIVEQYERAEGRHSTGGMDELYK,1
MVSKGEETTMGVIKPDMKIKLKMEGNVNGHAFVIEGEGEGKPYDGTNTINLEVKEGAPLPFSYDILTTAFAWGNRAFTKYPDDIPNYFKQSFPEGYSWERTMTFEDKGIVKVKSDISMEEDSFIYEIHLKGENFPPNGPVMQKKTTGWDASTERMYVRDGVLKGDVKHKLLLEGGGHHRVDFKTIYRAKKAVKLPDYHFVDHRIEILNHDKDYNKVTVYESAVARNSTDGMDELYK,1
MVSKGEETTMGVIKPDMKIKLKMEGNVNGHAFVIEGEGEGKPYDGTNTINLEVKEGAPLPFSYDILTTAFAHGNRAFTKYPDDIPNYFKQSFPEGYSWERTMTFEDKGIVKVKSDISMEEDSFIYEIHLKGENFPPNGPVMQKKTTGWDASTERMYVRDGVLKGDVKHKLLLEGGGHHRVDFKTIYRAKKAVKLPDYHFVDHRIEILNHDKDYNKVTVYESAVARNSTDGMDELYK,1
MVSKGEETTMGVIKPDMKIKLKMEGNVNGHAFVIEGEGEGKPYDGTNTINLEVKEGAPLPFSYDILTTAFAYGNRAFTKYPDDIPNYFKQSFPEGYSWERTMTFEDKGIVKVKSDISMEEDSFIYEIHLKGENFPPNGPVMQKKTTGWDASTERMYVRDGVLKGDVKMKLLLEGGGHHRVDFKTIYRAKKAVKLPDYHFVDHRIEILNHDKDYNKVTVYESAVARNSTDGMDELYK,1
MVSKGEETTMGVIKPDMKIKLKMEGNVNGHAFVIEGEGEGKPYDGTNTINLEVKEGAPLPFSYDILTTAFAYGNRAFTKYPDDIPNYFKQSFPEGYSWERTMTFEDKGIVKVKSDISMEEDSFIYEIHLKGENFPPNGPVMQKMTTGWDASTERMYVRDGVLKGDVKMKLLLEGGGHHRVDFKTIYRAKKAVKLPDYHFVDHRIEILNHDKDYNKVTVYESAVARNSTDGMDELYK,1
MVSKGEETTMGVIKPDMKIKLKMEGNVNGHAFVIEGEGEGKPYDGTNTINLEVKEGAPLPFSYDILTTAFAYGNRAFAKYPDDIPNYFKQSFPEGYSWERTMTFEDKGIVKVKSDISMEEDSFIYEIHLKGENFPPNGPVMQKMTTGWDASTERMYVRDGVLKGDVKMKLLLEGGGHHRVDFKTIYRAKKAVKLPDYHFVDHRIEILNHDKDYNKVTVYESAVARNSTDGMDELYK,1
MVSKGEETTMGVIKPDMKIKLKMEGNVNGHAFVIEGEGEGKPYDGTNTINLEVKEGAPLPFSYDILTTAFSYGNRAFTKYPDDIPNYFKQSFPEGYSWERTMTFEDKGIVKVKSDISMEEDSFIYEIHLKGENFPPNGPVMQKMTTGWDASTERMYVRDGVLKGDVKMKLLLEGGGHHRVDFKTIYRAKKAVKLPDYHFVDHRIEILNHDKDYNKVTVYEIAVARNSTDGMDELYK,1
MSVITSEMKIELRMEGSVNGHKFVITGKGSGRPYEGTQTVDLTVIEGGPLPFAFDILTTAFHYGNRVFVEYPEEIVDYFKQSFPEGYSWERSMSYEDGGICLATNNITMKKDGSNTFVNEIRFDGTNFPANGPVMQRKTVKWEPSTEKMYVRDGVLKGDVEMALLLEGGGHYRCDFRTTYKAKKVVQLPDYHYVDHQMEITSHDKDYNKVKAYEHAKAYSGTYRGAKYEFEA,1
MSKGEELFTGVVPILVELDGDVNGHKFSVSGEGEGDATYGKLTLKFICTTGKLPVPWPTLVTTLTYGVQCFSRYPDHMKRHDFFKSAMPEGYVQERTIFFKDDGNYKTRAEVKFEGDTLVNRIELKGIDFKEDGNILGHKLEYNYNSHNVYIMADKQKNGIKVNFKIRHNIEDGSVQLADHYQQNTPIGDGPVLLPDNHYLSTQSKLSKDPNEKRDHMVLLEFVTAAGITHGMDELYK,1
MSKGEELFTGVVPILVELDGDVNGHKFSVSGEGEGDATYGKLTLKFICTTGKLPVPWPTLVTTFSYGVMVFARYPDHMKQHDFFKSAMPEGYVQERTIFFKDDGNYKTRAEVKFEGDTLVNRIELKGIDFKEDGNILGHKLEYNFNSHNVYIMADKQKNGIKANFKIRHNIEDGGVQLADHYQQNTPIGDGPVLLPDNHYLSIQSALSKDPNEKRDHMVLLEFVTAAGITHGMDELYK,1
MVSVIKPEMKMRYYMDGSVNGHEFTIEGEGTGRPYEGHQEMTLRVTMAKGGPMPFAFDLVSHVFCYGHKPFTKYPEEIPDYFKQAFPEGLSWERSLEFEDGGSASVSAHISLRGNTFYHKSKFTGVNFPADGPIMQNQSVDWEPSTEKITASDGVLKGDVTMYLKLEGGGNHKCQFKTTYKAAKKILKMPGSHYISHRLVRKTEGNITELVEDAVAHS,1
MVSVIKPEMKMRYYMDGSVNGHEFTIEGEGTGRPYEGHQEMTLRVTMAKGGPMPFAFDLVSHVFCYGHKPFTRYPEEIPDYFKQAFPEGLSWERSLEFEDGGSASVSAHISLRGNTFYHKSKFTGVNFPADGPIMQNQSVDWEPSTEKITASDGVLKGDVTMYLKLEGGGNHKCQFKTTYKAAKKILKMPGSHYISHRLVRKTEGNITELVADAVAHS,1
MVSVIKPEMKMRYYMDGSVNGHEFTIEGEGTGRPYEGHQEMTLRVTMAKGGPMPFAFDLVSHVFCYGHKPFTRYPEEIPDYFKQAFPEGLSWERSLEFEDGGSASVSAHISLRGNTFYHKSKFTGVNFPADGPIMQNQSVDWEPSTEKITASDGVLKGDVTMYLKLEGGGNHKCQFKTTYKAAKKILKMPGSHYISHRLVRKTEGNITELVQDAVAHS,1
MSGGEELFAGVVPILVELDGDVNGHKFSVSGEGEGDATYGKLTLKFICTTGKLPVPWPTLVTTLCYGVQCFSRYPDHMKQHDFFKSAMPEGYVQERTIQFKDDGNYKTRAEVKFEGDTLVNRIELKGKDFKEDGNILGHKLEYSYNSHNVYIRADKQKNGIEANFKTRHNIEDGSVQLADHYQQNTPIGDGPVLLPDNHYLSTQSKLSKDPNEARDHMVLLELSTAACITHGMDELYR,1
MVSVIKPEMKMRYYMDGSVNGHEFTIEGEGTGRPYEGHQEMTLRVTMAEGGPMPFAFDLVSHVFAYGHRVFTKYPEEIPDYFKQAFPEGLSWERSLEFEDGGSASVSAHISLRGNTFYHKSKFTGVNFPADGPIMQNQSVDWEPSTEKITASDGVLKGDVTMYLKLEGGGNHKCQFKTTYKAAKEILEMPGDHYIGHRLVRKTEGNITELVEDAVAHS,1
MVSKGEENNMAIIKEFMRFKVRMEGSVNGHEFEIEGEGEGRPYEGFQTAKLKVTKGGPLPFAWDILSPHFTYGSKAYVKHPADIPDYFKLSFPEGFKWERVMNYEDGGVVTVTQDSSLQDGEFIYKVKLRGTNFPSDGPVMQKKTMGWEASSERMYPEDGALKGKIKMRLKLKDGGHYTSEVKTTYKAKKPVQLPGAYIVDIKLDITSHNEDYTIVEQYERAEGRHSTGGMDELYK,1
MRGSHHHHHHGMASMTGGQQMGRDLYDDDDKDPMSVIKPDMKIKLRMEGAVNGHPFAIEGVGLGKPFEGKQSMDLKVKEGGPLPFAYDILTTVFCYGNRVFAKYPENIVDYFKQSFPEGYSWERSMNYEDGGICIATNDITLDGDCFIYEIRFDGVNFPANGPVMQKRTVKWEPSTEKLYVRDGVLKGDGNCALLLEGGGHYRCDCKTTYKAKKVVQLPDYHFVDHRIEIKSHDKDYNNVNLHEHAEAHSGLPRQAK,1
MVSKGEELFTGVVPILVELDGDVNGHRFSVSGEGEGDATYGKLTLKFICTTGKLPVPWPTLVTTLTWGVQCFARYPDHMKQHDFFKSAMPEGYVQERTIFFKDDGNYKTRAEVKFEGDTLVNRIELKGIDFKEDGNILGHKLEYNYISHNVYITADKQKNGIKAHFKIRHNIEDGGVQLADHYQQNTPIGDGPVLLPDNHYLSTQSKLSKDPNEKRDHMVLLEFVTAAGTKGEELFTGVVPILVELDGDVNGHKFSVSGEGEGDATYGKLTLKFICTTGKLPVPWPTLVTTFSYGVQCFSRYPDHMKQHDFFKSAMPEGYVQERTIFFKDDGNYKTRAEVKFEGDTLVNRIELKGIDFKEDGNILGHKLEYNYNSHNVYIMADKQKNGIKANFKIRHNIEDGSVQLADHYQQNTPIGDGPVLLPDNHYLSHQSALSKDPNEKRDHMVLLEFVTAAGITLGMDELYK,1
MVSKGEELFTGVVPILVELDGDVNGHKFSVRGEGEGDATNGKLTLKFICTSGKLPVPWPTLVTTLSYGVQCFARYPDHMKQHDFFKSAMPEGYVQERTISFKDDGSYRTRAEVKFEGDTLVNRIELKGIDFKEDGNILGHKLEYNMNVWDAYITADKQKNGIKANFKIEHNVEDGGVQLADAYQQNTPIGDGSVLLPDNHYLSFQSKLFKDPNEQRDHMVLLEFVTAAGITPGMDELYK,1
MVSKGEELIKENMHMKLYMEGTVNNHHFKCTSEGEGKPYEGTQTGRIKVVEGGPLPFAFDILATCFMYGSKTFINHTQGIPDFFKQSFPEGFTWERVTTYEDGGVLTATQDTSLQDGCLIYNVKIRGVNFPSNGPVMQKKTLGWEASTETLYPADGGLEGRCDMALKLVGGGHLICNLKTTYRSKKPAKNLKMPGVYFVDRRLERIKEADNETYVEQHEVAVARYCDLPSKLGHKLNGMDELYK,1
MSELIKENMHMKLYMEGTVNNHHFKCTSEGEGKPYEGTQTMKIKVVEGGPLPFAFDILATSFMYGSKTFINHTQGIPDFFKQSFPEGFTWERITTYEDGGVLTATQDTSLQNGCIIYNVKINGVNFPSNGSVMQKKTLGWEANTEMLYPADGGLRGHSQMALKLVGGGYLHCSFKTTYRSKKPAKNLKMPGFHFVDHRLERIKEADKETYVEQHEMAVAKYCDLPSKLGHR,1
MSVIKEEMKIKLHMEGNVNGHAFVIEGDGKGKPYDGTQTLNLTVKEGAPLPFSYDILTNAFQYGNRAFTKYPADIPDYFKQTFPEGYSWERTMSYEDNAICNVRSEISMEGDCFIYKIRFDGKNFPPNGPVMQKKTLKWEPSTEMMYVRDGFLMGDVNMALLLEGGGHHRCDFKTSYKAKKVVQLPDAHKIDHRIEILSHDRDYSKVKLYENAVARNSLLPSQA,1
MVSVIKPEMKMRYYMDGSVNGHEFTIEGEGTGRPYEGHQEMTLRVTMAEGGPMPFAFDLVSHVFCYGHRVFTKYPEEIPDYFKQAFPEGLSWERSLEFEDGGSASVSAHISLRGNTFYHKSKFTGVNFPADGPIMQNQSVDWEPSTEKITASDGVLKGDVTMYLKLEGGGNHKCQMKTTYKAAKEILEMPGDHYIGHRLVRKTEGNITEQVEDAVAHS,1
MRGSHHHHHHGSMSELITENMHMKLYMEGTVNNHHFKCTSEGEGKPYEGTQTMRIKAVEGGPLPFAFDILATSFMYGSKTFINHTQGIPDFFKQSFPEGFTWERVTTYEDGGVLTATQDTSLQDGCLIYNVKIRGVNFPSNGPVMQKKTLGWEASTETLYPADGGLEGRADMALKLVGGGHLICNLKTTYRSKKPAKNLKMPGVYYVDRRLERIKEADKETYVEQHEVAVARYCDLPSKLGHR,1
EEDNMAIIKEFMRFKVHVEGSVNGHEFEIEGEGKGRPYEGTQTAKLKVTKGGPLPFAWDILSPQFMYGSRAYVKHPADIPDYWKLSFPEGFKWERVMNFEDGGVVTVTQDSSLQDGEFIYKVKLRGTNFPSDGPVMQKKTMGWEASTERMYPEDGALKGEIKQRLKLKDGGHYDAEVKTTYKAKKPVQLPGAYNVNIKLDITSHNEDYTIVEQYERSEGRHSTGGMDELYK,1
MVSKGEEDNMAIIKEFMRFKVHLEGSVDGHEFEIEGEGEGRPYEGTQSAKLKVTKGGPLPFAWDILSPQFMYGSRAYVKHPADIPDYWKLSFPEGFKWERVMNFEDGGVVTVTQDSSLQDGEFIYKVKLRGTNFPSDGPVMQKKTMGWEASSERIYPEDGALKGEIKQRLKLKDGGHYDAEVKTTYKAKKPVLLPGAYNVNIKMDITSHNEDYTIVEQCERAEGHHSTGGMDELYK,1
MVSKGEEDNMAIIKEFMRFKVHVEGSVNGHEFEIVGEGEGRPYEGTQTAKLKVTKGGPLPFAWDILSPQFMYGSRAYVKHPADIPDYWKLSFPEGFKWERVMNFEDGGVVTVTQDSSLQDGEFIYKVKLRGTNFPSDGPVMQKKTMGWEASSERMYPEDGALKGEIKQRLKLKDGGHYDVEVKTTYKAKKPVQLPGAYNVNIKLDITSHNEDYTIVEQYERAEGRHSTGGMDELYK,1
MVSKGEEDNMAIIKEFMRFKVHMEGSVNGHVFEIEGEGEGRPYEGTQTAKLKVTKGGPLPFTWDILSPQFMYGSNAYVKHPADIPDYFKLSFPEGFKWERVMKFEDGGVVTVTQDSSLQDGEFIYKVKLRGTNFPSDGPVMQKKTMGWEALSERMYPEDGALKGEVKPRVKLKDGGHYDAEVKTTYKAKKPVQLPGAYNVNRKLDITSHNEDYTIVEQYERAEGRHSTGGMDELYK,1
MVSKGEEDNMAIIKEFMRFKVHLEGSVNGHEFEIEGEGEGRPYEGTQTAKLKVTKGGPLPFAWDILSPQFMYGSNAYVKHPADIPDYFKLSFPEGFKWERVMNFEDGGVVTVTQDSSLQDGEFIYKVKLRGTNFPSDGPVMQKKTMGWETLSERMYPEDGALKGELKARTKLKDGGHYDTEVKTTYKAKKPVQLPGAYNVNRKLDITSHNEDYTIVEQYERAEGLHSTGGMDELYK,1
MVSKGEEDNMAIIKEFMRFKVHLEGSVNGHEFEIEGEGEGRPYEGTQTAKLKVTKGGPLPFTWDILSPQFMYGSNAYVKHPADIPDYFKLSFPEGFKWERVMNFEDGGVVTVTQDSSLQDGEFIYKVKLRGTNFPSDGPVIQKKTMGWDALSERMYPEDGALKGEVKARLKLKDGGHYEAEVKTTYKAKKPVQLPGAYNVNRKLDITSHNEDYTIVEQYERAEGRHSTGGMDELYK,1
MASSEDVIKEFMRFKVRMEGSVNGHEFEIEGEGEGRPYEGTQTAKLKVTKGGPLPFAWDILSPQFMYGSKAYVKHPADIPDYLKLSFPEGFKWERVMNFEDGGVVTVTQDSSLQDGEFIYKVKLRGTNFPSDGPVMQKKTMGWEASSERLYPEDGALKGEIKMRLKLKDGGHYDAEAKTTYMAKKPVQLPGAYKLDYKLDITSHNEDYTIVEQYERAEGRHSTGA,1
MVSKGEENNMAVIKEFMRFKVRMEGSVNGHEFEIEGKGEGRPYEGTQTAKLKVTKGGPLPFAWDILSPQFMYGSKAYVKHPPDIPDYMKLSFPEGFKWERVMNFEDGGVVTVTQDSSLQDGEFIYKVKLHGTNFPSDGPVMQKKTMGWEASSERLYPEDGALKGEVKMRLKLKDGGHYDAEAKTTYMAKKPVQLPGAYKLDYKLDITSHNEDYTIVEQYERAEGRHSTGGMDELYK,1
MVSKGEENNMAVIKEFMRFKTHMEGSVNGHEFEIEGKGEGRPYEGTQTAKLKVTKGGPLPFAWDILSPQMMYGSKAYVKHPPDIPDYMKLSFPEGFKWERVMNFEDGGVVTVTQDSSLQDGEFIYKVKLHGTNFPSDGPVMQKKTMGWEASSERLYPEDGALKGEVKMRLKLKDGGHYDAEAKTTYMAKKPVQLPGAYKLDYKLDITSHNEDYTIVEQYERAEGRHSTGGMDELYK,1
MVSKGEEVIKEFMRFKQHMEGSVNGHEFEIEGEGEGRPYEGTQTARLKVTKGGPLPFAWDILSPQIMYGSKAYVKHPADIPDYLKLSFPEGFKWERVMNFEDGGVVTVTQDSSLQDGEFIYKVKVRGTNFPSDGPVMQKKTMGWEASSERMYPEDGALKGEMKMRLRLKDGGHYDAEVKTTYMAKKPVQLPGAYKTDIKLDITSHNEDYTIVEQYERAEGRHSTGA,1
MVSKGEEVIKEFMRFKHHMEGSVNGHEFEIEGEGEGRPYEGTQTARLKVTKGGPLPFAWDILSPQIMYGSKAYVKHPADIPDYLKLSFPEGFKWERVMNFEDGGVVTVTQDSSLQDGEFIYKVKVRGTNFPSDGPVMQKKTMGWEASSERMYPEDGALKGEMKMRLRLKDGGHYDAEVKTTYMAKKPVQLPGAYKTDIKLDITSHNEDYTIVEQYERAEGRHSTGA,1
MVSKGEEVIKEFMRFKLHMEGSVNGHEFEIEGEGEGRPYEGTQTARLKVTKGGPLPFAWDILSPQIMYGSKAYVKHPADIPDYLKLSFPEGFKWERVMNFEDGGVVTVTQDSSLQDGEFIYKVKVRGTNFPSDGPVMQKKTMGWEASSERMYPEDGALKGEMKMRLRLKDGGHYDAEVKTTYMAKKPVQLPGAYKTDIKLDITSHNEDYTIVEQYERAEGRHSTGA,1
SSVSVIAKQMTYKVYMSGTVNGHYFEVEGDGKGKPYEGEQTVKLTVTKGGPLPFAWDILSPQLQYGSIPFTKYPEDIPDYFKQSFPEGYTWERSMNFEDGAVCTVSNDSSIQGNCFIYNVKISGENFPPNGPVMQKKTQGWEPSTERLFARDGMLIGNDYMALKLEGGGHYLCEFKSTYKAKKPVRMPGRHEIDRKLDVTSHNRDYTSVEQCEIAIARHSLLG,1
MGSSHHHHHHSSGLVPRGSHMVSVIAKQMTYKVYMSGTVNGHYFEVEGDGKGKPYEGEQTVKLTVTKGGPLPFAWDILSPQLQYGSIPFTKYPEDIPDYFKQSFPEGYTWERSMNFEDGAVCTVSNDSSIQGNCFIYNVKISGENFPPNGPVMQKKTQGWEPSTERLFARDGMLIGNDYMALKLEGGGHYLCEFKSTYKAKKPVRMPGRHEIDRKLDVTSHNRDYTSVEQCEIAIARHSLLG,1
SMSKGEELFTGVVPILVELDGDVNGHKFSVSGEGEGDATYGKLTLKFICTTGKLPVPWPTLVTTFGYGVQCFSRYPDHMKRHDFFKSAMPEGYVQERTISFKDDGNYKTRAEVKFEGDTLVNRIELKGIDFKEDGNILGHKLEYNYNSHNVYITADKQKNGIKANFKIRHNIEDGSVQLADHYQQNTPIGDGPVLLPDNHYLSHQSALSKDPNEKRDHMVLLEFVTAAGIT,1
MRGSHHHHHHGSMSELITENMHMKLYMEGTVNNHHFKCTSEGEGKPYEGTQTMRIKVVEGGPLPFAFDILATSFMYGSKTFINHTQGIPDFFKQSFPEGFTWERVTTYEDGGVLTATQDTSLQDGCLIYNVKIRGVNFPSNGPVMQKKTLGWEAATEMLYPADGGLEGRSDMALKLVGGGHLICNLKTTYRSKKPAKNLKMPGVYYVDRRLERIKEADKETYVEQHEVAVARYCDLPSKLGHKLN,1
MRGSHHHHHHGSMSELITENMHMKLYMEGTVNNHHFKCTSEGEGKPYEGTQTMRIKVVEGGPLPFAFDILATSFMYGSKTFINHTQGIPDFFKQSFPEGFTWERVTTYEDGGVLTATQDTSLQDGCLIYNVKIRGVNFPSNGPVMQKKTLGWEACTEMLYPADGGLEGRSDMALKLVGGGHLICNLKTTYRSKKPAKNLKMPGVYYVDRRLERIKEADKETYVEQHEVAVARYCDLPSKLGHKLN,1
MVSKGEELFTGVVPILVELDGDVNGHRFSVSGEGEGDATYGKLTLKLICTTGKLPVPWPTLVTTLQFGVLCFARYPDHMKQHDFFKSAMPEGYVQERTIFFKDDGNYKTRAEVKFEGDTLVNRIELKGIDFKEDGNILGHKLEYNGISSNVYITADKQKNGIKAHFKIRHNIEDGGVQLADHYQQNTPIGDGPVLLPDNHYLSVQSKLSKDPNEKRDHMVLLESVTAAGITLGMDELYK,1
MVSKGEEDNMAIIKEFMRFKVHMEGSVNGHEFEIEGEGEGRPYEGTQTAKLKVTKGGPLPFAWDILSPQFCYGSKAYVKHPADIPDYLKLSFPEGFNWERVMNLEDGGVVTVTQDSSLQDGEFIYKVKLRGTNFPSDGPVMQCRTVGWEASTERMHPEDGALKGEIMQRLKLKDGGHYDAEVKTTYKAKKPVQLPGAYNVDIKLDITSHNEDYTIVELYERAEGRHSTGGMDELYK,1
MRGSHHHHHHGSMSELITENMHMKLYMEGTVNNHHFKCTSEGEGKPYEGTQTMRIKVVEGGPLPFAFDILATSFMYGSYTFINHTQGIPDFFKQSFPEGFTWERVTTYEDGGVLTATQDTSLQDGCLIYNVKIRGVNFTSNGPVMQKKTLGWEAGTEMLYPADGGLEGRSDEALKLVGGGHLICNLKSTYRSKKPAKNLKVPGVYYVDRRLERIKEADKETYVEQHEVAVARYCDLPSKLGHKLN,1
MRGSHHHHHHGSMSELITENMHMKLYMEGTVNNHHFKCTSEGEGKPYEGTQTMRIKVVEGGPLPFAFDILATSFMYGSYTFINHTQGIPDFFKQSFPEGFTWERVTTYEDGGVLTATQDTSLQDGCLIYNVKIRGVNFTSNGPVMQKKTLGWEAGTEMLYPADGGLEGRSDDALKLVGGGHLICNLKSTYRSKKPAKNLKVPGVYYVDRRLERIKEADKETYVEQHEVAVARYCDLPSKLGHKLN,1
SVIKPDMKIKLRMEGAVNGHPFAIEGVGLGKPFEGKQSMDLKVKEGGPLPFAYDILTMAFCYGNRVFAKYPENIVDYFKQSFPEGYSWERSMIYEDGGICNATNDITLDGDCYIYEIRFDGVNFPANGPVMQKRTVKWELSTEKLYVRDGVLKSDGNYALSLEGGGHYRCDFKTTYKAKKVVQLPDYHSVDHHIEIKSHDKDYSNVNLHEHAEAHSELPRQAK,1
MRGSHHHHHHGSMSELITENMHMKLYMEGTVNNHHFKCTSEGEGKPYEGTQTMRIKVVEGGPLPFAFDILATSFMYGSYTFINHTQGIPDFFKQSFPEGFTWERVTTYEDGGVLTATQDTSLQDGCLIYNVKIRGVNFTSNGPVMQKKTLGWEAGTEMLYPADGGLEGRADDALKLVGGGHLICNLKSTYRSKKPAKNLKVPGVYYVDRRLERIKEADKETYVEQHEVAVARYCDLPSKLGHKLN,1
MRGSHHHHHHGSMSELITENMHMKLYMEGTVNNHHFKCTSEGEGKPYEGTQTMRIKVVEGGPLPFAFDILATSFMYGSYTFINHTQGIPDFFKQSFPEGFTWERVTTYEDGGVLTATQDTSLQDGCLIYNVKIRGVNFTSNGPVMQKKTLGWEAGTEMLYPADGGLEGRTDDALKLVGGGHLICNLKSTYRSKKPAKNLKVPGVYYVDRRLERIKEADKETYVEQHEVAVARYCDLPSKLGHKLN,1
MRGSHHHHHHGSMSELITENMHMKLYMEGTVNNHHFKCTSEGEGKPYEGTQTMRIKVVEGGPLPFAFDILATSFMYGSYTFINHTQGIPDFFKQSFPEGFTWERVTTYEDGGVLTATQDTSLQDGCLIYNVKIRGVNFTSNGPVMQKKTLGWEAGTEMLYPADGGLEGRMDDALKLVGGGHLICNLKSTYRSKKPAKNLKVPGVYYVDRRLERIKEADKETYVEQHEVAVARYCDLPSKLGHKLN,1
MSELIKENMHMKLYMEGTVNNHHFKCTSEGEGKPYEGTQTMRIKVVEGGPLPFAFDILATSFMYGSSTFINHTQGIPDFFKQSWPEGFTWERVTTYEDGGVLTATQDTSLQDGCLIYNVKIRGVNFPSNGPVMQKKKTLGWEPSTEKLKPADGGLEGRVDMALKLVGGGHLICNFKTTYRSKKPAKNLKMPGVYYVDRRLEIIKEADKETYWEQHEVAVARYSDLPSKLGHK,1
MSEELIKENMHMKLYMEGTVDNHHFKCTSEGEGKPYEGTQTMRIKVVEGGPLPFAFDILATSFLYGSKTFINHTQGIPDFFKQSFPEGFTWERVTTYEDGGVLTATQDTSLQDGCLIYNVKIRGVNFTSNGPVMQKKTLGWEAFTETLYPADGGLEGRNDMALKLVGGSHLIANIKTTYRSKKPAKNLKMPGVYYVDYRLERIKEANNETYVEQHEVAVARYCDLPSKLGHKLN,1
MGHHHHHHGVSKGEEDNMAIIKEFMRFKTHMEGSVNGHEFEIEGEGEGRPYEGTQTAKLKVTKGGPLPFAWDILSPQFMYGSKAYVKHPADIPDYLKLSFPEGFKWERVMNFEDGGVVTVTQDSSLQDGEFIYKVKLRGTNFPSDGPVMQKKTMGWEACSERMYPEDGALKGEMKMRLKLKDGGHYDAEVKTTYKAKKPVQLPGAYNTNTKLDITSHNEDYTIVEQYERNEGRHSTGGMDELYK,1
MGHHHHHHGVSKGEEDNMAIIKEFMRFKTHMEGSVNGHEFEIEGEGEGRPYEGTQTAKLKVTKGGPLPFAWDILSPQFMYGSKAYVKHPADIPDYLKLSFPEGFKWERVMNFEDGGVVTVTQDSSLQDGEFIYKVKLHGTNFPSDGPVMQKKTMGWEASSERMYPEDGALKGEIKLRLKLKDGGHYDAEVKTTYKAKKPVQLPGAYNANYKLDITSHNEDYTIVEQYERCEGRHSTGGMDELYK,1
MGHHHHHHGVSKGEEDNMAIIKEFMRFKTHMEGSVNGHEFEIEGEGEGRPYEGTQTAKLKVTKGGPLPFAWDILSPQFMYGSKAYVKHPADIPDYLKLSFPEGFKWERVMNFEDGGVVTVTQDSSLQDGEFIYKVKLHGTNFPSDGPVMQKKTMGWEASSERMYPEDGAMKGEIKLRLKLKDGGHYDAEVKTTYKAKKPVQLPGAYNANYKLDITSHNEDYTIVEQYERCEGRHSTGGMDELYK,1
MRGSHHHHHHTDPMSVIKPDMKIKLRMEGAVNGHPFAIEGVGLGKPFEGKQSMDLKVKEGGPLPFAYDILTMAFCYGNRVFAKYPENIVDYFKQSFPEGYSWERSMIYEDGGICNATNDITLDGDCYICEIRFDGVNFPANGPVMQKRTVKWELSTEKLYVRDGVLKSDGNYALSLEGGGHYRCDFKTTYKAKKVVQLPDYHSVDHHIEIISHDKDYSNVNLHEHAEAHSELPRQAK,1
MRGSHHHHHHTDPMSVIKPDMKIKLRMEGAVNGHPFAIEGVGLGKPFEGKQSMDLKVKEGGPLPFAYDILTMAFCYGNRVFAKYPENIVDYFKQSFPEGYSWERSMIYEDGGICNATNDITLDGDCYICEIRFDGVNFPANGPVMQKRTVKWEPSTEKLYVRDGVLKSDGNYALSLEGGGHYRCDFKTTYKAKKVVQLPDYHSVDHHIEIISHDKDYSNVNLHEHAEAHSELPRQAK,1
MSKGAELFTGIVPILIELNGDVNGHKFSVSGEGEGDATYGKLTLKFICTTGKLPVPWPTLVTTLSYGVQCFSRYPDHMKQHDFFKSAMPEGYIQERTIFFEDDGNYKSRAEVKFEGDTLVNRIELTGTDFKEDGNILGNKMEYNYNAHNVYIMTDKAKNGIKVNFKIRHNIEDGSVQLADHYQQNTPIGDGPVLLPDNHYLSTQSALSKDPNEKRDHMIYFGFVTAAAITHGMDELYK,1
MSKGAELFTGIVPILIELNGDVNGHKFSVSGEGEGDATYGKLTLKFICTTGKLPVPWPTLVTTLSYGVQCFSRYPDHMKQHDFFKSAMPEGYIQERTIFFEDDGNYKSRAEVKFEGDTLVNRIELTGTDFKEDGNILGNKMEYNYNAHNVYIMTDKAKNGIKVNFKIRHNIEDGSVQLADHYQQNTPIGDGPVLLPDNHYLSTQSALSKDPNEKRDHMIYFEFVTAAAITHGMDELYK,1
MSKGAELFTGIVPILIELNGDVNGHKFSVSGEGEGDATYGKLTLKFICTTGKLPVPWPTLVTTLSYGVQCFSRYPDHMKQHDFFKSAMPEGYIQERTIFFEDDGNYKSRAEVKFEGDTLVNRIELTGTDFKEDGNILGNKMEYNYNAHNVYIMTDKAKNGIKVNFKIRHNIEDGSVQLADHYQQNTPIGDGPVLLPDNHYLSTQSALSKDPNEKRDHMILFEFVTAAAITHGMDELYK,1
MVSKGEETTMGVIKPDMRIKLKMEGNVNGHAFVISGEGEGKPFEGTQTIDLEVKEGAPLPFAYDILTTAFHYGNRVFTKYPDDIPDYFKQSFPEGYSWERSMTFEDGGICIATNDITMEKDSFINKIHFKGENFPPNGPVMQKKTTGWEASTEKMYVRDGVLKGDVKMKLLLKGGGHYRCDFTTTYKAAKAVKLPDYHFVDHRIEILSHDKDYNKVKLYEHAVAHSGLPGMDELYK,1
MVSKGEETTMGVIKPDMRIKLKMEGNVNGHAFVISGEGEGKPFEGIQTIDLEVKEGAPLPFAYDILTTAFHYGNRVFTKYPEDIPDYFKQSFPEGYSWERSMTYEDGGICIATNDITMEEDSFINKIHFKGKNFPPNGPVMQKRTTGWEASTEKMYVRDGVLKGDVKMKLLLKGGGHYRCDFTTTYKVAKAVKLPDYHFVDHRIEILSHDKDYNKVKLYEHAVAHSGLPGMDELYK,1
MVSKGEELFTGVVPILVELDGDVNGHKFSVSGEGEGDATYGKLTLKFICTTGKLPVPWPTLVTTLSWGVQCFARYPDHMKQHDFFKSAMPEGYVQERTIFFKDDGNYKTRAEVKFEGDTLVNRIELKGIDFKEDGNILGHKLEYNYISGNVYITADKQKNGIKANFKIRHNIEDGGVQLADHYQQNTPIGDGPVLLPDNHYLSTQSALSKDPNEKRDHMVLLEFLTAAGITLGMDELYKHHHHHH,1
MVSVIKPEMKMRYYMDGSVNGHEFTIEGEGTGRPYEGHQEMTLRVTMAEGGPMPFAFDLVSHVFCYGHRVFTKYPEEIPDYFKQAFPEGLSWERSLEFEDGGSASVSAHISLRGNTFYHKSKFTGVNFPADGPIMQNQSVDWEPSTEKITASDGVLKGDVTMYLKLEGGGNHKCQFKTTYKAAKEILEMPGDHYIGHRLVRKTEGNITELVEDAVAHS,1
HHHHHHMSAIKPDMKINLRMEGNVNGHHFVIDGDGTGKPFEGKQSMDLEVKEGGPLPFAFDILTTAFHYGNRVFVEYPDHIQDYFKQSFPKGYSWERSLTFEDGGICIARNDITMEGDTFYNKVRFHGTNFPANGPVMQKKTLKWEPSTEIMYVRDGVLTGDIHMALLLEGNAHYRCDSRTTYKAKEKGVKLPGAHFVDHCIEILSHDKDYNKVKLYEHAVAHSGLPDNARR,1
MNVIKPDMRIKLRMEGAVNGHKFVILGDGNGKPYEGTQTIDVTVKEGGPLPFAYDILTSAFQYGNRVFTKYPDDIADYFKQSFPVGYSWERSMTYEDGGICTVSSDIKMEGNSFIYEIRFHGLNFPSDGPVMQKKTVKWEPSTEKMYVRDGVLKGDVNMRLLLEGGGHYRCDFKSTYKAKRAVQLPDYHYIDHRIEILSHDKDYNKVKLCENAAARCSMLPSQAK,1
MNVIKPDMRIKLRMEGAVNGHKFVILGDGNGKPYEGTQTIDVTVKEGGPLPFAYDILTSAFQYGNRVFTKYPDDIADYFKQSFPVGYSWERSMTYEDGGICTVSSDIKMEGNSFIYEIRFHGLNFPSDGPVMQKKTVKWEPSTEKMYVRDGVLKGDVKMTLLLEGGGHYRCDFKSTYKAKRAVQLPDYHYIDHRIEILSHDKDYNKVKLCENAAARCSMLPSQAK,1
SVIKPDMKIKLRMEGAVNGHPFAIEGVGLGKPFEGKQSMDLKVKEGGPLPFAYDILTMAFCYGNRVFAKYPENIVDYFKQSFPEGYSWERSMIYEDGGICNATNDITLDGDCYIYEIRFDGVNFPANGPVMQKRTVKWELSTEKLYVRDGVLKSDGNYALSLEGGGHYRCDFKTTYKAKKVVQLPDYHSVDHHIEIKSHDKDYSNVNLHEHAEAHSE,1
GHLICNLKTTYRSKKPAKNLKMPGVYYVDRRLERIKEADKETYVEQHEVAVARYCDLPSKLGHAGGTGGSMSELITENMHMKLYMEGTVNNHHFKCTSEGEGKPYEGTQTMRIKVVEGGPLPFAFDILATSFMYGSKTFINHTQGIPDFFKQSFPEGFTWERVTTYEDGGVLTATQDTSLQDGCLIYNVKIRGVNFPSNGPVMQKKTLGWEASTEMLYPADGGLEGRSDMALKLV,1
AAASMSALITENMHMKLYMEGTVNNHHFKCTSEGEGKPYEGTQTMRIKVVEGGPLPFAFDILATSFMYGSKTFINHTQGIPDFFKQSFPEGFTWERVTTYEDGGVLTATQDTSLQDGCLIYNVKIRGVNFPSNGPVMQKKTLGWEASTEMLYPADGGLEGRADMALKLVGGGHLICNLKTTYRSKKPAKNLKMPGVYYVDRRLERIKEADKETYVEQHEVAVARYCDLPSKLAHK,1
AAASMSALITENMHMKLYMEGTVNNHHFKCTSEGEGKPYEGTQTMRIKVVEGGPLPFAFDILATSFMYGSKTFINHTQGIPDFFKQSFPEGFTWERVTTYEDGGVLTATQDTSLQDGCLIYNVKIRGVNFPSNGPVMQKKTLGWEACTEMLYPADGGLEGRADMALKLVGGGHLICNLKTTYRSKKPAKNLKMPGVYYVDRRLERIKEADKETYVEQHEVAVARYCDLPSKLAHK,1
AAASMSALITENMHMKLYMEGTVNNHHFKCTSEGEGKPYEGTQTMRIKVVEGGPLPFAFDILATSFMYGSKTFINHTQGIPDFFKQSFPEGFTWERVTTYEDGGVLTATQDTSLQDGCLIYNVKIRGVNFPSNGPVMQKKTLGWEACTEMLYPADGGLEGRSDMALKLVGGGHLICNLKTTYRSKKPAKNLKMPGVYYVDRRLERIKEADKETYVEQHEVAVARYCDLPSKLAHK,1
EFLEGRSDMALKLVGGGHLICNLKTTYRSKKPAKNLKMPGVYYVDRRLERIKEADKETYVEQHEVAVARYCDLPSKLGHKGGTGGSMSELITENMHMKLYMEGTVNNHHFKCTSEGEGKPYEGTQTMRIKVVEGGPLPFAFDILATSFMYGSKTFINHTQGIPDFFKQSFPEGFTWERVTTYEDGGVLTATQDTSLQDGCLIYNVKIRGVNFPSNGPVMQKKTLGWEASTEMLYPAD,1
MNLIKEDMRVKVHMEGNVNGHAFVIEGEGKGKPYEGTQTANLTVKEGAPLPFSYDILTTAVHYGNRVFTKYPEDIPDYFKQSFPEGYSWERTMTFEDKGICTIRSDISLEGDCFFQNVRFKGTNFPPNGPVMQKKTLKWEPSTEKLHVRDGLLVGNINAALLLEGGGHYLCDFKTTYKAKKVVQLPDAHFVDHRIEILGNDSDYNKVKLYEHAVARYSPLPSQVWHHHHHH,1
MNLIKEDMRVKVHMEGNVNGHAFVIEGEGKGKPYEGTQTANLTVKEGAPLPFSYDILTTAVHYGNRVFTKYPEDIPDYFKQSFPEGYSWERTMTFEDKGICTIRSDISLEGDCFFQNVRFKGTNFPPNGPVMQKKTLKWEPSTEKLHVRDGLLVGNINMALLLEGGGHYLCDSKTTYKAKKVVQLPDAHFVDHRIEILGNDSDYNKVKLYEHAVARYSPLPSQVWHHHHHH,1
MRGSHHHHHHTDPMVSKGEELFTGVVPILVELDGDVNGHKFSVSGEGEGDATYGKLTLKFICTTGKLPVPWPTLLTTIGYGLMCFARYPDHMKQHDFFKSAMPEGYVQERTIFFKDDGNYKTRAEVKFEGDTLVNRIELKGIDFKEDGNILGHKLEYNHDSHNVYIMADKQKNGIKVNFKIRHNIEDGSVQLADHYQQNTPIGDGPVLLPDNHYLSYQSALSKDPNEKRDHMVLLEFVTAAGITLGMDELYK,1
MVSKGEELFTGVVPILVELDGDVNGHKFSVSGEGEGDATYGKLTLKFICTTGKLPVPWPTLVTTLTWGVQCFARYPDHMKQHDFFKSAMPEGYVQERTIFFKDDGNYKTRAEVKFEGDTLVNRIELKGIDFKEDGNILGHKLEYNAIHGNVYITADKQKNGIKANFGLNCNIEDGSVQLADHYQQNTPIGDGPVLLPDNHYLSIQSKLSKDPNEKRDHMVLLEFVTAAGITLGMDELYK,1
MVSKGEELFTGVVPILVELDGDVNGHKFSVSGEGEGDATYGKLTLKFICTTGKLPVPWPTLVTTLTWGVQCFARYPDHMKQHDFFKSAMPEGYVQERTIFFKDDGNYKTRAEVKFEGDTLVNRIELKGIDFKEDGNILGHKLEYNAIHGNVYITADKQKNGIKANFGLNCNIEDGSVQLADHYQQNTPIGDGPVLLPDNHYLSTQSKLSKDPNEKRDHMVLLEFVTAAGITLGMDELYK,1
MVSKGEELFTGVVPILVELDGDVNGHKFSVSGEGEGDATYGKLTLKFICTTGKLPVPWPTLVTTLSWGVQCFARYPDHMKQHDFFKSAMPEGYVQERTIFFKDDGNYKTRAEVKFEGDTLVNRIELKGIDFKEDGNILGHKLEYNAIHGNVYITADKQKNGIKANFGLNCNIEDGSVQLADHYQQNTPIGDGPVLLPDNHYLSIQSKLSKDPNEKRDHMVLLEFVTAAGITLGMDELYK,1
MVSKGEELFTGVVPILVELDGDVNGHKFSVSGEGEGDATYGKLTLKFICTTGKLPVPWPTLVTTLSWGVQCFARYPDHMKQHDFFKSAMPEGYVQERTIFFKDDGNYKTRAEVKFEGDTLVNRIELKGIDFKEDGNILGHKLEYNAIHGNVYITADKQKNGIKANFGLNCNIEDGSVQLADHYQQNTPIGDGPVLLPDNHYLSTQSKLSKDPNEKRDHMVLLEFVTAAGITLGMDELYK,1
HHHHHHMSAIKPDMKINLRMEGNVNGHHFVIDGDGTGKPFEGKQSMDLEVKEGGPLPFAFDILTTAFHYGNRVFAEYPDHIQDYFKQSFPKGYSWERSLTFEDGGICIARNDITMEGDTFYNKVRFHGTNFPANGPVMQKKTLKWEPSTEKMYVRDGVLTGDIHAALLLEGNAHYRCDFRTTYKAKEKGVKLPGYHFVDHCIEILSHDKDYNKVKLYEHAVAHSGLPDNARR,1
HHHHHHMSAIKPDMKINLRMEGNVNGHHFVIDGDGTGKPFEGKQSMDLEVKEGGPLPFAFDILTTAFHYGNRVFAEYPDHIQDYFKQSFPKGYSWERSLTFEDGGICIARNDITMEGDTFYNKVRFHGTNFPANGPVMQKKTLKWEPSTEKMYVRDGVLTGDIHMALLLEGNAHYRCDSRTTYKAKEKGVKLPGYHFVDHCIEILSHDKDYNKVKLYEHAVAHSGLPDNARR,1
MVSKGEENNMAIIKEFMRFKVRMEGTVNGHEFEIEGEGEGRPYEGFQTAKLKVTKGGPLPFAWDILSPLFTYGSKAYVKHPADIPDYFKLSFPEGFKWERVMNYEDGGVVTVTQDSSLQDGEFIYKVKMRGTNFPSDGPVMQKKTMGWEASSERMYPEDGALKGEIRMRLKLKDGGHYTSEVKTTYKAKKSVQLPGAYIVGIKLDITSHNEDYTIVEQYERAEGRHSTGGMDELYK,1
MRGSHHHHHHGSMSELITENMHMKLYMEGTVNNHHFKCTSEGEGKPYEGTQTMRIKVVEGGPLPFAFDILATSFMYGSKTFINHTQGIPDFFKQSWPEGFTWERVTTYEDGGVLTATQDTSLQDGCLIYNVKIRGVNFPSNGPVMQKKTLGWEASTEMLYPADGGLEGRNDMALKLVGGGHLICNLKTTYRGKKPAKNLKMPGVYYVDRRLERIKEADKETYVEQHEVAVARYCDLPSKLGHKLN,1
MGSHHHHHHGRSMSELIKENMHMKLYMEGTVNNHHFKCTSEGEGKPYEGTQTMRIKVVEGGPLPFAFDILATSFMYGSRTFINHTQGIPDFWKQSFPEGFTWERVTTYEDGGVLTATQDTSLQDGCLIYNVKLRGVNFPSNGPVMQKKTLGWEAATEMLYPADGGLEGRGDMALKLVGGGHLICNLKTTYRSKNPAKNLKMPGVYFVDHRLERIKEADKETYVEQHEVAVARYCDLPSKLGHKLN,1
MGHHHHHHGVSKGEEVIKEFMRFKPHMEGSVNGHEFEIEGEGEGRPYEGTQTARLKVTKGGPLPFAWDILSPQIMYGSKAYVKHPADIPDYLKLSFPEGFKWERVMNFEDGGVVTVTQDSSLQDGEFIYKVKVRGTNFPSDGPVMQKKTMGWEASSERMYPEDGALKGEMKMRLRLKDGGHYDAEVKTTYMAKKPVQLPGAYKTDIKLDITSHNEDYTIVEQYERAEGRHSTGA,1
MGHHHHHHGVSKGEEVIKEFMRFKAHMEGSVNGHEFEIEGEGEGRPYEGTQTARLKVTKGGPLPFAWDILSPQIMYGSKAYVKHPADIPDYLKLSFPEGFKWERVMNFEDGGVVTVTQDSSLQDGEFIYKVKVRGTNFPSDGPVMQKKTMGWEASSERMYPEDGALKGEMKMRLRLKDGGHYDAEVKTTYMAKKPVQLPGAYKADYKLDITSHNEDYTIVEQYERCEGRHSTGA,1
MGHHHHHHGVSKGEEVIKEFMRFKPHMEGSVNGHEFEIEGEGEGRPYEGTQTARLKVTKGGPLPFAWDILSPQIMYGSKAYVKHPADIPDYLKLSFPEGFKWERVMNFEDGGVVTVTQDSSLQDGEFIYKVKVRGTNFPSDGPVMQKKTMGWEASSERMYPEDGALKGEMKMRLRLKDGGHYDAEVKTTYMAKKPVQLPGAYKADYKLDITSHNEDYTIVEQYERCEGRHSTGA,1
MGHHHHHHGVSKGEEVIKEFMRFKEHMEGSVNGHEFEIEGEGEGRPYEGTQTARLKVTKGGPLPFAWDILSPQIMYGSKAYVKHPADIPDYLKLSFPEGFKWERVMNFEDGGVVTVTQDSSLQDGEFIYKVKVRGTNFPSDGPVMQKKTMGWEASSERMYPEDGALKGEMKMRLRLKDGGHYDAEVKTTYMAKKPVQLPGAYKADYKLDITSHNEDYTIVEQYERCEGRHSTGA,1
MVSKGEELFTGVVPILVELDGDVNGHKFSVSGEGEGDATYGKLTLKFICTTGKLPVPWPTLVTTLSWGVQCFARYPDHMKQHDFFKSAMPEGYVQERTIFFKDDGNYKTRAEVKFEGDTLVNRIELKGIDFKEDGNILGHKLEYNYISDNVYITADKQKNGIKANFKIRHNIEDGGVQLADHYQQNTPIGDGPVLLPDNHYLSTQSKLSKDPNEKRDHMVLLEFVTAAGITLGMDELYKHHHHHH,1
MVSKGEELFTGVVPILVELDGDVNGHKFSVSGEGEGDATYGKLTLKFICTTGKLPVPWPTLVTTLSWGVQCFARYPDHMKQHDFFKSAMPEGYVQERTIFFKDDGNYKTRAEVKFEGDTLVNRIELKGIDFKEDGNILGHKLEYNYISDNVYITADKQKNGIKANFKIRHNIEDGGVQLADHYQQNTPIGDGPVLLPDNHYLSTQSALSKDPNEKRDHMVLLEFVTAAGITLGMDELYKHHHHHH,1
MVSKGEELFTGVVPILVELDGDVNGHKFSVSGEGEGDATYGKLTLKFICTTGKLPVPWPTLVTTLSWGVQCFARYPDHMKQHDFFKSAMPEGYVQERTIFFKDDGNYKTRAEVKFEGDTLVNRIELKGIDFKEDGNILGHKLEYNYFSDNVYITADKQKNGIKANFKIRHNIEDGGVQLADHYQQNTPIGDGPVLLPDNHYLSTQSALSKDPNEKRDHMVLLEFVTAAGITLGMDELYKHHHHHH,1
MVSKGEENNMAIIKEFMRFKVHMEGTVNGHEFEIEGEGEGHPYEGFQTAKLKVTKGGPLPFAWDILSPLITYGSKAYVKHPADIPDYFKLSFPEGFKWERVMNYEDGGVVTVTQDSSLQDGEFIYKVKMRGTNFPSDGPVMQKKTMGWEASSERMYPEDGALKGEIRMRLKLKDGGHYTSEVKTTYKAKKSVLLPGAYIVGIKLDITSHNEDYTIVEQYERSEARHSTGGMDELYK,1
MVSKGEELIKENMRMKVVMEGSVNGHQFKCTGEGEGNPYMGTQTMRIKVIEGGPLPFAFDILATSFMYGSRTFIKYPKGIPDFFKQSFPEGFTWERVTRYEDGGVVTVMQDTSLEDGCLVYHVQVRGVNFPSNGPVMQKKTKGWEPNTEMMYPADGGLRGYTHMALKVDGGGHLSCSFVTTYRSKKTVGNIKMPGIHAVDHRLERLEESDNEMFVVQREHAVAKFAGLGGGMDELYK,1
MVSELITENMPMKLYMEGTVNNHHFKCTSEGEGKPYEGTQTMRIKVVEGGPLPFAFDILATSFMYGSRTFIKHPPGIPDFFKQSFPEGFTWERVTTYEDGGVLTATQDTSLQDGCLIYNVKVRGVNFPANGPVMQKKTLGWEASTETMYPADGGLEGACDMALKLVGGGHLICNLETTYRSKKPATNLKMPGVYNVDHRLERIKEADDETYVEQHEVAVARYSTGGAGDGGK,1
MVSKGEENNMAIIKEFMRFKVRMEGSVNGHEFEIEGEGEGRPYEGFQTVKLKVTKGGPLPFAWDILSPQFTYGSKAYVKHPADIPDYLKLSFPEGFKWERVMNFEDGGVVTVTQDSSLQDGEFIYKVKLRGTNFPSDGPVMQKKTMGMEASSERMYPEDGALKGEDKLRLKLKDGGHYTSEVKTTYKAKKPVQLPGAYIVDIKLDITSHNEDYTIVEQYERAEGRHSTGGMDELYK,1
MGSSHHHHHHSSGLVPRGSHMVSKGEELFTGVVPILVELDGDVNGHKFSVSGEGEGDATYGKLTLKFICTTGKLPVPWPTLVTTFGYGLQCFARYPDHMKQHDFFKSAMPEGYVQERTIFFKDDGNYKTRAEVKFEGDTLVNRIELKGIDFKEDGNILGHKLEYNYNSHNVYIMADKQKNGIKVNFKIRHNIEDGSVQLADHYQQNTPIGDGPVLLPDNHYLSFQSALSKDPNEKRDHMVLLEFVTAAGITLGMDELYK,1
MVSKGEEDNMASLPATHELHIFGSINGVDFDMVGQGTGNPNDGYEELNLKSTKGDLQFSPWILVPHIGYGFHQYLPYPDGMSPFQAAMVDGSGYQVHRTMQFEDGASLTVNYRYTYEGSHIKGEAQVKGTGFPADGPVMTNSLTAADWCRSKKTYPNDKTIISTFKWSYTTGNGKRYRSTARTTYTFAKPMAANYLKNQPMYVFRKTELKHSKTELNFKEWQKAFTDVMGMDELYK,1
MVSKGEGQSKHGLKEEMTVKYHMEGCVNGHKFVITGEGIGNPFKGKQTANLCVIEGGPLPFSEDILSPGFKYGDRIFTEYPQDIVDYFKNSCPAGYTWERSYLFEDGAVCRCNVDITVSEKENCIYHKSIFRGVNFPADGPVMKKMTTNWEASTEKIVPVPKQGILKGKVKMCLLLKDGGRYHCQFDTVYKAKSVPSKMPEWHFIQHKLLREDRSDAKNQKWQLTEHAIAGMDELYK,1
MVSKGEGQSKHGLKEEMTVKYHMEGCVNGHKFVITGEGIGNPFKGKQTANLCVIEGGPLPFSEDILSPGFKYGDRIFTEYPQDIVDYFKNSCPAGYTWERSYLFEDGAVCRCNVDITVSEKENCIYHKSIFRGVNFPADGPVMKKMTTNWEASTEKIVPVPKQGILKGKVKMYLLLKDGGRYHCQFDTVYKAKSVPSKMPEWHFIQHKLLREDRSDAKNQKWQLTEHAIAGMDELYK,1
MVSKGEELIKENMHMKLYMEGTVNNHHFKCTSEGEGKPYEGTQTMRIKVVEGGPLPFAFDILATSFMYGSKTFINHTQGIPDFFKQSFPEGFTWERSTTYEDGGVLTATQDTSLQDGCLIYNVKIRGVNFPSNGPVMQKKTLGWEASTEMLYPADGGLEGRDYMALKLVGGGHLICNAKTTYRSKKPAKNLKMPGVYYVDRRLERIKEADKETSVEQHEVAVARYCDLPSKLGHKLN,1
MPRISDKLMKTRWRGFHSIPSIPPDLGGIYGIGEKTSRRKTTEHLYTGRAKDIKSRLMKHKYGHQAIDRKIRSNIKQKKLSDLRFKFVEERNHKAKEGLAIEGLKKKLGYAPRFNLRKRGWIKAKEKPRPQKEG,1
SKGEELIKENMHMKLYMEGTVNNHHFKCTTEGEGKPYEGTQTQRIKVVEGGPLPFAFDILATCFMYGSKTFINHTQGIPDFFKQSFPEGFTWERVTTYEDGGVLTVTQDTSLQDGCLIYNVKLRGVNFPSNGPVMQKKTLGWEATTETLYPADGGLEGRCDMALKLVGGGHLHCNLKTTYRSKKPAKNLKMPGVYFVDRRLERIKEADNETYVEQHEVAVARYCDLPSKL,1
MVSKGEELIKENMHMKLYMEGTVNNHHFKCTSEGEGKPYEGTQTGRIKVVEGGPLPFAFDILATCFMYGSKTFINHTQGIPDFFKQSFPEGFTWERVTTYEDGGVLTVTQDTSLQDGCLIYNVKLRGVNFPSNGPVMQKKTLGWEASTETLYPADGGLEGRCDMALKLVGGGHLHCNLKTTYRSKKPAKNLKMPGVYFVDRRLERIKEADNETYVEQHEVAVARYCDLPSKLGHKLNGMDELYK,1
MVSKGEELIKENMHTKLYMEGTVNNHHFKCTHEGEGKPYEGTQTNRIKVVEGGPLPFAFDILATCFMYGSKTFINHTQGIPDFFKQSFPEGFTWERVTTYEDGGVLTVTQDTSLQDGCLIYNVKLRGVNFPSNGPVMQKKTLGWEASTETLYPADGGLEGRCDMALKLVGGGHLHCNLKTTYRSKKPAKNLKMPGVYFVDRRLERIKEADNETYVEQHEVAVARYCDLPSKLGHKLNGMDELYK,1
MVSKGEELFTGVVPILVELDGDVNGHKFSVSGEGEGDATYGKLTLKFICTTGKLPVPWPTLVTTFTYGVQCFARYPDHMKQHDFFKSAMPEGYVQERTIFFKDDGNYKTRAEVKFEGDTLVNRIELKGIDFKEDGNILGHKLEYNYNSHKVYITADKQKNGIKVNFKTRHNIEDGSVQLADHYQQNTPIGDGPVLLPDNHYLSTQSALSKDPNEKRDHMVLLEFVTAAGITHGMDELYK,1
DRWGSMNSLIKENMRMKVVLEGSVNGHQFKCTGEGEGNPYMGTQTMRIKVIEGGPLPFAFDILATSFMYGSRTFIKYPKGIPDFFKQSFPEGFTWERVTRYEDGGVITVMQDTSLEDGCLVYHAQVRGVNFPSNGAVMQKKTKGWEPNTEMMYPADGGLRGYTHMALKVDGGGHLSCSFVTTYRSKKTVGNIKMPGIHAVSHRLERLEESDNEMFVVQREHAVAKFAGLGGG,1
GAHMVSVIKPEMKMRYYMDGSVNGHEFTIEGEGTGRPYEGHQEMTLRVTMAKGGPMPFAFDLVSHVFCYGHRPFTKYPEEIPDYFKQAFPEGLSWERSLEFEDGGSASVSAHISLRGNTFYHKSKFTGVNFPADGPIMQNQSVDWEPSTEKITASDGVLKGDVTMYLKLEGGGNHKCQFKTTYKAAKKILKMPGSHYISHRLVRKTEGNITELVEDAVAHS,1
MGHHHHHHGVSKGEEVIKEFMRFKEHMEGSVNGHEFEIEGEGEGRPYEGTQTARLKVTKGGPLPFAWDILSPQIMYGSKAYVKHPADIPDYLKLSFPEGFKWERVMNFEDGGVVTVTQDSSLQDGEFIYKVKVRGTNFPSDGPVMQKKTMGWEASSERMYPEDGALKGEMKMRLRLKDGGHYDAEVKTTYMAKKPVQLPGAYKTDTKLDITSHNEDYTIVEQYERNEGRHSTGA,1
MVSKGEEVIKEFMRFKEHMEGSVNGHEFEIEGEGEGRPYEGTQTARLKVTKGGPLPFAWDILSPQLMYGSKAYVKHPADIPDYLKLSFPEGFKWERVMNFEDGGVVTVTQDSSLQDGEFIYKVKVRGTNFPSDGPVMQKKTMGWEASSERMYPEDGALKGEMKMRLRLKDGGHYDAEVKTTYMAKKPVQLPGAYKTDIKLDITSHNEDYTIVEQYERAEGRHSTGA,1
MSGGEELFAGIVPVLIELDVHGHLFSVRGEGEGDADYGKLEIKFICTTGKLPVPWPTLVTTLTYGVQCFARYPLHMKMNDFFLSAMPEGYIQERTILFQDDGLYLTRGEVLFEGDTLVNRIELKGKDFLEDGNILGHKLEYSFNSHNVYITPDLANNGLEVNFKTRHNIEGGGVQLADHYQTNVPLGDGPVLIPINHYLSYQTAISKDRNEARDHMVLLESVSACSHTHGMDELYR,1
MSVIATQMTYKVYMSGTVNGHYFEVEGDGKGRPYEGEQTVKLTATKGGPLPFAWDILSPQCQYGSIPFTKYPEDIPDYVKQSFPEGFTWERIMNFEDGAVCTVSNDSSIQGNCFTYHVKFRGTNFPPNGPVMQKKTQGWEPNSERLFARGGMLIGNNRMALKLEGGGHYLCEFKTTYKAKKPVKMPGYHYVDRKLDVTNHNKDYTSVEQCEISIARKPVVA,1
MSVIATQMTYKVYMSGTVNGHYFEVEGDGKGRPYEGEQTVKLTATKGGPLPFAWDILSPQCQYGSIPFTKYPEDIPDYVKQSFPEGFTWERIMNFEDGAVCTVSNDSSIQGNCFTYHVKFRGLNFPPNGPVMQKKTQGWEPHSERLFARGGMLIGNNRMALKLEGGGHYLCEFKTTYKAKKPVKMPGYHYVDRKLDVTNHNKDYTSVEQCEISIARKPVVA,1
MEVGPALFQSDMTFKIFIDGEVNGQKFTIVADGSSKFPHGDFNVHAVCETGKLPMSWKPICHLIQYGEPFFARYPDGISHFAQECFPEGLSIDRTVRFENDGTMTSHHTYELDDTCVVSRITVNCDGFQPDGPIMRDQLVDILPSETHMFPHGPNAVRQTATIGFTTADGGKMMGHFDSKMTFNGSRAIEIPGPHFVTIITKQTRDTSDKRDHVCQREVAYAHSVPRITSAIGSDED,1
MVSKGEETTMGVIKPDMRIKLKMEGNVNGHAFVISGEGEGKPFEGIQTIDLEVKEGAPLPFAYDILTTAFHYGNRVFTKYPEDIPDYFKQSFPEGYSWERSMTYEDGGICIATNDITMEEDSFINKIHFKGKNFPPNGPVMQKRTTGWEVSTEKMYVRDGVLKGDVKMKLLLKGGSHYRCDFTTTYKVAKAVKLPDYHFVDHRIEILSHDKDYNKVKLYEHAVARNSTDSMDELYK,1
MVSKGEELFAGIVPVLIELDGDVHGHKFSVRGEGEGDADYGKLEIKFICTTGKLPVPWPTLVTTLTYGVQCFARYPKHMKMNDFFKSAMPEGYIQERTILFQDDGKYKTRGEVKFEGDTLVNRIELKGKDLKEDGNILGHKLEYSFNSHNVYITPDKANNGLEVNFKTRHNIEGGGVQLADHYQTNVPLGDGPVLIPINHYLSYQTKISKDRNEARDHMVLLESVSACSHTHGMDELYR,1
MVSKGEELFAGIVPYLIELDGDVHGHKFSVRGEGEGDADYGKLEIKFICTTGKLPVPWPTLVTTLTYGAQCFARYPKHMKMNDFFKSAMPEGYIQERTILFQDDGKYKTRGEVKFEGDTLVNRIELKGKDLKEDGNILGHKLEYSFNSHNVYITPDKANNGLEVNFKTRHNIEGGGVQLADHYQTNVPLGDGPVLIPINHYLSYQTKISKDRNEARDHMVLLESVSACSHTHGMDELYR,1
MVSKGEELFAGIVPVLIELDGDVHGHKFSVRGEGEGDADYGKLEIKFICTTGKLPVPWPTLVTTLTYGVQCFARYPKHMKMNDFFKSAMPEGYIQERTILFQDDGKYKTRGEVKFEGDTLVNRIELKGKDLKEDGNILGHKLEYSFNSHNVYITPDKANNGLEVNFKTRHNIEGGGVQLADHYQTNVPLGDGPVLIPINHYLSYQVKISKDRNEARDHMVLLESVSACSHTHGMDELYR,1
MSAIKPDMKIKLRMEGNVNGHHFVIDGDGTGKPFEGKQSMDLEVKEGGPLPFAFDILTTAFHYGNRVFAKYPDNIQDYFKQSFPKGYSWERSLTFEDGGICNARNDITMEGDTFYNKVRFYGTNFPANGPVMQKKTLKWEPSTEKMYVRDGVLTGDVEMALLLEGNAHYRCDFRTTYKAKEKGVKLPGAHFVDHCIEILSHDKDYNKVKLYEHAVAHSGLPDNARR,1
MSAIKPDMKIKLRMEGNVNGHHFVIDGDGTGKPFEGKQSMDLEVKEGGPLPFAFDILTTAFHYGNRVFAKYPDNIQDYFKQSFPKGYSWERSLTFEDGGICNARNDITMEGDTFYNKVRFYGTNFPANGPVMQKKTLKWEPSTEKMYVRDGVLTGDIEMALLLEGNAHYRCDFRTTYKAKEKGVKLPGAHFVDHCIEILSHDKDYNKVKLYEHAVAHSGLPDNARR,1
MSAIKPDMKIKLRMEGNVNGHHFVIDGDGTGKPFEGKQSMDLEVKEGGPLPFAFDILTTAFFYGNRVFAKYPDNIQDYFKQSFPKGYSWERSLTFEDGGICIARNDITMEGDTFYNKVRFYGTNFPANGPVMQKKTLKWEPSTEKMYVRDGVLTGDIHMALLLEGNAHYRCDFRTTYKAKEKGVKLPGYHFVDHCIEILSHDKDYNKVKLYEHAVAHSGLPDNARR,1
MSAIKPDMKIKLRMEGNVNGHHFVIDGDGTGKPFEGKQSMDLEVKEGGPLPFAFDILTTAFMYGNRVFAKYPDNIQDYFKQSFPKGYSWERSLTFEDGGICIARNDITMEGDTFYNKVRFYGTNFPANGPVMQKKTLKWEPSTEKMYVRDGVLTGDIHMALLLEGNAHYRCDFRTTYKAKEKGVKLPGYHFVDHCIEILSHDKDYNKVKLYEHAVAHSGLPDNARR,1
MSAIKPDMKIKLRMEGNVNGHHFVIDGDGTGKPFEGKQSMDLEVKEGGPLPFAFDILTTAFCYGNRVFAKYPDNIQDYFKQSFPKGYSWERSLTFEDGGICIARNDITMEGDTFYNKVRFYGTNFPANGPVMQKKTLKWEPSTEKMYVRDGVLTGDIHMALLLEGNAHYRCDFRTTYKAKEKGVKLPGYHFVDHCIEILSHDKDYNKVKLYEHAVAHSGLPDNARR,1
MSAIKPDMKIKLRMEGNVNGHHFVIDGDGTGKPFEGKQSMDLEVKEGGPLPFAFDILTTAFSYGNRVFAKYPDNIQDYFKQSFPKGYSWERSLTFEDGGICIARNDITMEGDTFYNKVRFYGTNFPANGPVMQKKTLKWEPSTEKMYVRDGVLTGDIHMALLLEGNAHYRCDFRTTYKAKEKGVKLPGYHFVDHCIEILSHDKDYNKVKLYEHAVAHSGLPDNARR,1
MSAIKPDMKIKLRMEGNVNGHHFVIDGDGTGKPFEGKQSMDLEVKEGGPLPFAFDILTTAFEYGNRVFAKYPDNIQDYFKQSFPKGYSWERSLTFEDGGICIARNDITMEGDTFYNKVRFYGTNFPANGPVMQKKTLKWEPSTEKMYVRDGVLTGDIHMALLLEGNAHYRCDFRTTYKAKEKGVKLPGYHFVDHCIEILSHDKDYNKVKLYEHAVAHSGLPDNARR,1
MSAIKPDMKIKLRMEGNVNGHHFVIDGDGTGKPFEGKQSMDLEVKEGGPLPFAFDILTTAFLYGNRVFAKYPDNIQDYFKQSFPKGYSWERSLTFEDGGICIARNDITMEGDTFYNKVRFYGTNFPANGPVMQKKTLKWEPSTEKMYVRDGVLTGDIHMALLLEGNAHYRCDFRTTYKAKEKGVKLPGYHFVDHCIEILSHDKDYNKVKLYEHAVAHSGLPDNARR,1
MVSKGEETTMGVIKPDMRIKLKMEGNVNGHAFVISGEGEGKPFEGIQTIDLEVKEGAPLPFAYDILTTAFHYGNRVFTKYPEDIPDYFKQSFPEGYSWERSMTYEDGGICNATNDITMEEDSFINKIHFKGKNFPPNGPVMQKRTTGWEVSTEKMYVRDGVLKGDVKMKLLLKGGSHYRCDFTTTYKVAKAVKLPDAHFVDHRIEILSHDKDYNKVKLYEHAVARNSTDSMDELYK,1
MVSKGEETTMGVIKPDMRIKLKMEGNVNGHAFVISGEGEGKPFEGIQTIDLEVKEGAPLPFAYDILTTAFHYGNRVFTKYPRKIPDYFKQSFPEGYSWERSMTYEDGGICNATNDITMEEDSFINKIHFKGKNFPPNGPVMQKRTTGWEVSTEKMYVRDGVLKGDVKMKLLLKGGSHYRCDFTTTYKVAKAVKLPKAHFVDHRIEILSHDKDYNKVKLYEHAVARNSTDSMDELYK,1
MSEELIKENMHMKLYMEGTVDNHHFKCTSEGEGKPYEGTQTMRIKVVEGGPLPFAFDILATSFLYGSKTFINHTQGIPDFFKQSFPEGFTWERVTTYEDGGVLTATQDTSLQDGCLIYNVKIRGVNFTSNGPVMQKKTLGWEAFTETLYPADGGLEGRNDMALKLVGGSHLIANAKTTYRSKKPAKNLKMPGVYYVDYRLERIKEANNETYVEQHEVAVARYCDLPSKLGHKLN,1
MVSKGEELFTGVVPILVELDGDVNGHKFSVSGEGEGDATYGKLTLKFISTTGKLPVPWPTLVTTLTYGVQMFARYPDHMKQHDFFKSAMPEGYVQERTIFFKDDGNYKTRAEVKFEGDTLVNRIELKGIDFKEDGNILGHKLEYNYNSHNVYITADKQKNGIKANFKIRHNIEDGGVQLADHYQQNTPIGDGPVLLPDNHYLSTQSKLSKDPNEKRDHMVLLEFVTAAGITLGMDELYK,1
MSKGEELFTGVVPILVELDGDVNGHKFSVSGEGEGDATYGKLTLKFICTTGKLPVPWPTLVTTLGYGVQCFSRYPDHMKRHDFFKSAMPEGYVQERTIFFKDDGNYKTRAEVKFEGDTLVNRIELKGIDFKEDGNILGHKLEYNYNSHNVYIMADKQKNGIKVNFKIRHNIEDGSVQLADHYQQNTPIGDGPVLLPDNHYLSTQSALSKDPNEKRDHMVLLEFVTAAGITHGMDELYK,1
MRGSHHHHHHGSALSNKFIGDDMKMTYHMDGCVNGHYFTVKGEGNGKPYEGTQTSTFKVTMANGGPLAFSFDILSTVFKYGNRCFTAYPTSMPDYFKQAFPDGMSYERTFTYEDGGVATASWEISLKGNCFEHKSTFHGVNFPADGPVMAKKTTGWDPSFQKMTVCDGILKGDVTAFLMLQGGGNYRCQFHTSYKTKKPVTMPPNHVVEHRIARTDLDKGGNSVQLTEHAVAHITSVVPF,0
MRGSHHHHHHGSALSNKFIGDDMKMTYHMDGCVNGHYFTVKGEGNGKPYEGTQTSTFKVTMANGGPLAFSFDILSTVFKYGNRCFTAYPTSMPDYFKQAFPDGMSYERTFTYEDGGVATASWEISLKGNCFEHKSTFHGVNFPADGPVMEKKTTGWDPSFQKMTVCDGILKGDVTAFLMLQGGGNYRCQFHTSYKTKKPVTMPPNHVVEHRIARTDQDKGGNSVQLTEHAVAHITSVVPF,0
VIKEFMRFKVRMEGTVNGHEFEIEGEGEGRPYEGHNTVKLKVTKGGPLPFAWDILSPQFQYGSKVYVKHPADIPDYMKLSFPEGFKWERVMNFEDGGVVTVTQDSSLQDGCFIYKVKFIGVNFPSDGPVMQKKTMGWEASTERLYPRDGVLKGEIHKALKLKDGGHYLVEFKSIYMAKKPVQLPGYYYVDSKLDITSHNEDYTIVEQYERTEGRHHLFL,0
MRSSKNVIKEFMRFKVRMEGTVNGHEFEIEGEGEGRPYEGHNTVKLKVTKGGPLPFAWDILSPQFQYGSMVYVKHPADIPDYKKLSFPEGFKWERVMNFEDGGVVTVTQDSSLQDGCFIYKVKFIGVNFPSDGPVMQKKTMGWEASTERLYPRDGVLKGEIHKALKLKDGGHYLVEFKSIYMAKKPVQLPGYYYVDSKLDITSHNEDYTIVEQYERTEGRHHLFL,0
MRSSKNVIKEFMRFKVRMEGTVNGHEFEIEGEGEGRPYEGHNTVKLKVTKGGPLPFAWDILSPQFQYGSKVYVKHPADIPDYRKLSFPEGFKWERVMNFEDGGVVTVTQDSSLQDGCFIYKVKFIGVNFPSDGPVMQKKTMGWEASTERLYPRDGVLKGEIHKALKLKDGGHYLVEFKSIYMAKKPVQLPGYYYVDSKLDITSHNEDYTIVEQYERTEGRHHLFL,0
MRSSKNVIKEFMRFKVRMEGTVNGHEFEIEGEGEGRPYEGHNTVKLKVTKGGPLPFAWDILSPQFQYGSKVYVKHPADIPDYEKLSFPEGFKWERVMNFEDGGVVTVTQDSSLQDGCFIYKVKFIGVNFPSDGPVMQKKTMGWEASTERLYPRDGVLKGEIHKALKLKDGGHYLVEFKSIYMAKKPVQLPGYYYVDSKLDITSHNEDYTIVEQYERTEGRHHLFL,0
MRSSKNVIKEFMRFKVRMEGTVNGHEFEIEGEGEGRPYEGHNTVKLKVTKGGPLPFAWDILSPQFQYGSKVYVKHPADIPDYNKLSFPEGFKWERVMNFEDGGVVTVTQDSSLQDGCFIYKVKFIGVNFPSDGPVMQKKTMGWEASTERLYPRDGVLKGEIHKALKLKDGGHYLVEFKSIYMAKKPVQLPGYYYVDSKLDITSHNEDYTIVEQYERTEGRHHLFL,0
MRSSKNVIKEFMRFKVRMEGTVNGHEFEIEGEGEGRPYEGHNTVKLKVTKGGPLPFAWDILSPQFQYGSKVYVKHPADIPDYPKLSFPEGFKWERVMNFEDGGVVTVTQDSSLQDGCFIYKVKFIGVNFPSDGPVMQKKTMGWEASTERLYPRDGVLKGEIHKALKLKDGGHYLVEFKSIYMAKKPVQLPGYYYVDSKLDITSHNEDYTIVEQYERTEGRHHLFL,0
MRSSKNVIKEFMRFKVRMEGTVNGHEFEIEGEGEGRPYEGHNTVKLKVTKGGPLPFAWDILSPQFQYGSKVYVKHPADIPDYFKLSFPEGFKWERVMNFEDGGVVTVTQDSSLQDGCFIYKVKFIGVNFPSDGPVMQKKTMGWEASTERLYPRDGVLKGEIHKALKLKDGGHYLVEFKSIYMAKKPVQLPGYYYVDSKLDITSHNEDYTIVEQYERTEGRHHLFL,0
MRSSKNVIKEFMRFKVRMEGTVNGHEFEIEGEGEGRPYEGHNTVKLKVTKGGPLPFAWDILSPQFQYGSKVYVKHPADIPDYWKLSFPEGFKWERVMNFEDGGVVTVTQDSSLQDGCFIYKVKFIGVNFPSDGPVMQKKTMGWEASTERLYPRDGVLKGEIHKALKLKDGGHYLVEFKSIYMAKKPVQLPGYYYVDSKLDITSHNEDYTIVEQYERTEGRHHLFL,0
MRSSKNVIKEFMRFKVRMEGTVNGHEFEIEGEGEGRPYEGHNTVKLKVTKGGPLPFAWDILSPQFQYGSKVYVKHPADIPDYKKLSFPEGFKWERVMNFEDGGVVTVTQDSSLQDGCFIHKVKFIGVNFPSDGPVMQKKTMGWEASTERLYPRDGVLKGEIHKALKLKDGGHYLVEFKSIYMAKKPVQLPGYYYVDSKLDITSHNEDYTIVEQYERTEGRHHLFL,0
MRSSKNVIKEFMRFKVRMEGTVNGHEFEIEGEGEGRPYEGHNTVKLKVTKGGPLPFAWDILSPQFQYGSKVYVKHPADIPDYKKLSFPEGFKWERVMNFEDGGVVTVTQDSSLQDGCFIYKVKFIGVNFPSDGPVMQKKTMGWEASTERLYPRDGVLKGEIHKALKLKDGGHYLVEFKSIYMAKKPVQLPGYYYVDTKLDITSHNEDYTIVEQYERTEGRHHLFL,0
MRSSKNVIKEFMRFKVRMEGTVNGHEFEIEGEGEGRPYEGHNTVKLKVTKGGPLPFAWDILSPQFQYGSRVYVKHPADIPDYKKLSFPEGFKWERVMNFEDGGVVTVTQDSSLQDGCFIYKVKFIGVNFPSDGPVMQKKTMGWEASTERLYPRDGVLKGEIHKALKLKDGGHYLVEFKSIYMAKKPVQLPGYYYVDSKLDITSHNEDYTIVEQYERTEGRHHLFL,0
MRGSHHHHHHGSRSSKNVIKEFMRFKVRMEGTVNGHEFEIEGEGEGRPYEGHNTVKLKVTKGGPLPFAWDILSPQFQYGSKVYVKHPADIPDYKKLSFPEGFKWERVMNFEDGGVVTVTQDSSLQDGCFIYKVKFIGVNFPSDGPVMQKKTMGWEASTERLYPRDGVLKGEIHKALKLKDGGHYLVEFKSIYMAKKPVQLPGYYYVDSKLDITSHNEDYTIVEQYERTEGRHHLFL,0
MRSSKNVIKEFMRFKVRMEGTVNGHEFEIEGEGEGRPYEGHNTVKLKVTKGGPLPFAWDILSPQFQYGSKVYVKHPADIPDYKKLSFPEGFKWERVMNFEDGGVVTVTQDSSLQDGCFIYKVKFIGVNFPSDGPVMQKKTMGWEASTERLYPRDGVLKGEIHKALKLKDGGHYLVEFKSIYMAKKPVQLPGYYYVDSKLDITSHNEDYTIVEQYERTEGRHHLFL,0
MASFLKKTMPFKTTIEGTVNGHYFKCTGKGEGNPFEGTQEMKIEVIEGGPLPFAFHILSTSCMYGSKTFIKYVSGIPDYFKQSFPEGFTWERTTTYEDGGFLTAHQDTSLDGDCLVYKVKILGNNFPADGPVMQNKAERWEPATEILYEVDGVLRGQSLMALKCPGGRHLTCHLHSTYRSKKPASALKMPGFHFGDHRIEIMEEVEKGKCYKQYEAAVARYCDAAPSKLGHH,0
MAGLLKESMRIKMYMEGTVNGHYFKCEGEGDGNPFAGTQSMRIHVTEGAPLPFAFDILAPCCEYGSRTFVHHTAEIPDFFKQSFPEGFTWERTTTYEDGGILTAHQDTSLEGNCLIYKVKVHGTNFPADGPVMKNKSGGWEPSTEVVYPENGVLCGRNVMALKVGDRHLICHHYTSYRSKKAVRALTMPGFHFTDIRLQMLRKKKDEYFELYEASVARYSDLPEKAN,0
MAGLLKESMRIKIYMEGTVNGYHFKCEGEGDGNPYEGTQNMRIRVTEGAPLPFAFDILSPCCAYGSKTFIKHTSGIPDYFKQSFPEGFTWERTTIYEDGGVLTAHQDTSLEGNCLNYKVKVLGTNFPADGPVMKNISGGWEPCTEIVYQDNGVLRGRNVMALKVSGRPPLICHLHSTYRSKKACALTMPGFHFADLRIQMPKKKKDEYFELYEASVARYSDLPEKAN,0
IHMNSLIKENMRMMVVMEGSVNGYQFKCTGEGDGNPYMGTQTMRIKVVEGGPLPFAFDILATSFMYGSKTFIKHTKGIPDFFKQSFPEGFTWERVTRYEDGGVFTVMQDTSLEDGCLVYHAKVTGVNFPSNGAVMQKKTKGWEPNTEMLYPADGGLRGYSQMALNVDGGGYLSCSFETTYRSKKTVENFKMPGFHFVDHRLERLEESDKEMFVVQHEHAVAKFCDLPSKLGRL,0
MRGSHHHHHHGIHMNSLIKENMRMMVVMEGSVNGYQFKCTGEGDGNPYMGTQTMRIKVVEGGPLPFAFDILATSFMYGSKTFIKHTKGIPDFFKQSFPEGFTWERVTRYEDGGVFTVMQDTSLEDGCLVYHAKVTGTNFPSNGAVMQKKTKGWEPNTEMLYPADGGLRGYSQMALNVDGGGYLSCSFETTYRSKKTVENFKMPGFHFVDHRLERLEESDKEMFVVQHEHAVAKFCDLPSKLGRL,0
APMSLIKPEMKIKLLMEGNVNGHQFVIEGDGKGHPFEGKQSMDLVVKEGAPLPFAYDILTTAFHYGNRVFAKYPDHIPDYFKQSFPKGFSWERSLMFEDGGVCIATNDITLKGDTFFNKVRFDGVNFPPNGPVMQKKTLKWEASTEKMYLRDGVLTGDITMALLLKGDVHYRCDFRTTYKSRQEGVKLPGYHFVDHCISILRHDKDYNEVKLYEHAVAHSGLPDNVK,0
MLLPVPLLLGLLGAAADVKLMASSENVITEFMRFKVRMEGTVNGHEFEIEGEGEGRPYEGHNTVKLKVTKGGPLPFAWDILSPQFQYGSKVYVKHPADIPDYKKLSFPEGFKWERVMNFEDGGVATVTQDSSLQDGCFIYKVKFIGVNFPSDGPVMQKKTMGWEASTERLYPRDGVLKGETHKALKLKDGGHYLVEFKSIYMAKKPVQLPGYYYVDAKLDITSHNEDYTIVEQYERTEGRHHLFLKDEL,0
MLLPVPLLLGLLGAAADVKLMASSEDVIKEFMRFKVRMEGSVNGHEFEIEGEGEGRPYEGTQTAKLKVTKGGPLPFAWDILSPQFQYGSKVYVKHPADIPDYKKLSFPEGFKWERVMNFEDGGVATVTQDSSLQDGSFIYKVKFIGVNFPSDGPVMQKKTMGWEASTERLYPRDGVLKGETHKALKLKDGGHYLVEFKSIYMAKKPVQLPGYYYVDAKLDITSHNEDYTIVEQYERAEGRHHLFLKDEL,0
MASSEDVIKEFMRFKVRMEGSVNGHEFEIEGEGEGRPYEGTQTAKLKVTKGGPLPFAWDILSPQFQYGSKVYVKHPADIPDYKKLSFPEGFKWERVMNFEDGGVVTVTQDSSLQDGCFIYKVKFIGVNFPSDGPVMQKKTMGWEPSTERLYPRDGVLKGEIHKALKLKDGGHYLVEFKSIYMAKKPVQLPGYYYVDSKLDITSHNEDYTIVEQYERAEGRHHLFL,0
MLLPVPLLLGLLGAAADVKLMASSEDVIKEFMRFKVRMEGSVNGHEFEIEGEGEGRPYEGTQTAKLKVTKGGPLPFAWDILSPQFQYGSKVYVKHPADIPDYKKLSFPEGFKWERVMNFEDGGVATVTQDSSLQDGCFIYKVKFIGVNFPSDGPVMQKKTMGWEPSTERLYPRDGVLKGETHKALKLKDGGHYLVEFKSIYMAKKPVQLPGYYYVDAKLDITSHNEDYTIVEQYERAEGRHHLFLKDEL,0
GGVIATQMTYKVYMSGTVNGHYFEVEGDGKGRPYEGEQTVKLTVTKGGPLPFAWDILSPQCQYGSIPFTKYPEDIPDYVKQSFPEGFTWERIMNFEDGAVCTVSNDSSIQGNCFTYHVKFSGLNFPPNGPVMQKKTQGWEPHSERLFARGGMLIGNNFMALKLEGGGHYLCEFKTTYKAKKPVKMPGYHYVDRKLDVTNHNKDYTSVEQCEISIARKPVVA,0
GGVIATQMTYKVYMSGTVNGHYFEVEGDGKGRPYEGEQTVKLTVTKGGPLPFAWDILSPQCQYGSIPFTKYPEDIPDYVKQSFPEGFTWERIMNFEDGAVCTVSNDSSIQGNCFTYHVKFSGLNFPPNGPVMQKKTQGWEPSSERLFARGGMLIGNNFMALKLEGGGHYLCEFKTTYKAKKPVKMPGYHYVDRKLDVTNHNKDYTSVEQCEISIARKPVVA,0
MSVIKPEMKIKLCMRGTVNGHNFVIEGEGKGNPYEGTQILDLNVTEGAPLPFAYDILTTVFQYGNRAFTKYPADIQDYFKQTFPEGYHWERSMTYEDQGICTATSNISMRGDCFFYDIRFDGVNFPPNGPVMQKKTLKWEPSTEKMYVRDGVLKGDVNMALLLEGGGHYRCDFKTTYKAKKDVRLPDYHFVDHRIEILKHDKDYNKVKLYENAVARYSMLPSQAK,0
MASLLTETMPFKTTIEGTVNGHCFKCIGKGEGNPFEGTQEMKIEVIEGGPLPFAFHILSTSCMYGSKTFIKYVSGIPDYFKQSFPEGFTWERTTTYEDGGFLTAHQDTSLDGDCLVYKVKILGNNFPADGPVMQNKVGRWEPGTEIVYEVDGVLRGQSLMALKCPGGRHLTCHLHTTYRSKKPASALKMPGFHFEDHRIEIMEEVEKGKCYKQYEAAVGRYCDAAPSKLGHN,0
GLLRGRHQGVHALQGAHGGLRERPRVRDRGRGRGPPLRGHPDRQAEGDQGRPPALRLGHPVPPVPVRLQGVREAPADIPDYKKLSFPEGFKWERVMNFEDGGVVTVTQDSSLQDGSFIYKVKFIGVNFPSDGPVMQKKTMGWEASTERLYPRDGVLKGEIHKALKLKDGGHYLVEFKSIYMAKKPVQLPGYYYVDSKLDITSHNEDYTIVEQYERAEGRHHLFL,0
MAHSKHGLKEEMTMKYHMEGCVNGHKFVITGEGIGYPFKGKQTINLCVIEGGPLPFSEDILSAGFMYGDRIFTEYPQDIVDYFKNSCPAGYTWGRSFLFEDGAVCICNVDITVSVKENCIYHKSIFNGMNFPADGPVMKKMTTNWEASCEKIMPVPKQGILKGDVSMYLLLKDGGRYRCQFDTVYKAKSVPSKMPEWHFIQHKLLREDRSDAKNQKWQLTEHAIAFPSALA,0
MRGSHHHHHHGSALSNKFIGDDMKMTYHMDGCVNGHYFTVKGEGNGKPYEGTQTSTFKVTMANGGPLAFSFDILSTVFKYGNRCFTAYPTSMPDYFKQAFPDGMSYERTFTYEDGGVATASWEISLKGNCFEHKSTFHGVNFPADGPVMAKKTTGWDPSFEKMTVCDGILKGDVTAFLMLQGGGNYRCQFHTSYKTKKPVTMPPNHVVEHRIARTDLDKGGNSVQLTEHAVAHITSVVPF,0
MRGSHHHHHHGSALSNKFIGDDMKMTYHMDGCVNGHYFTVKGEGNGKPYEGTQTSTFKVTMANGGPLAFSFDILSTVFKYGNRCFTAYPTSMPDYFKQAFPDGMSYERTFTYEDGGVATASWEISLKGNCFEHKSTFHGVNFPADGPVMAKKTTGWDPSFEKMTVCDGILKGDVTAFLMLQGGGNYRCQFHTSYKTKKPVTMPPNHVVETRIARTDLDKGGNSVQLTEHAVAHITSVVPF,0
MRGSHHHHHHGSALSNKFIGDDMKMTYHMDGCVNGHYFTVKGEGNGKPYEGTQTSTFKVTMANGGPLAFSFDILSTVFKYGNRCFTAYPTSMPDYFKQAFPDGMSYERTFTYEDGGVATASWEISLKGNCFEHKSTFHGVNFPADGPVMAKKTTGWDPSFHKMTVCDGILKGDVTAFLMLQGGGNYRCQFHTSYKTKKPVTMPPNHVVEHRIARTDLDKGGNSVQLTEHAVAHITSVVPF,0
MRGSHHHHHHGSALSNKFIGDDMKMTYHMDGCVNGHYFTVKGEGNGKPYEGTQTSTFKVTMANGGPLAFSFDILSTVFKYGNRCFTAYPTSMPDYFKQAFPDGMSYERTFTYEDGGVATASWEISLKGNCFEHKSTFHGVNFPADGPVMAKKTTGWDPSFEKMTVCDGILKGDVTAFLMLQGGGNYRCQFHTSYKTKKPVTMPPNHVVETRIARTDLDKGGNSVQLTQHAVAHITSVVPF,0
MASFLKKTMPFKTTIEGTVNGHYFKCTGKGEGNPFEGTQEMKIEVIEGGPLPFAFHILSTSCMYGSKTFIKYVSGIPDYFKQSFPEGFTWERTTTYEDGGFLTAHQDTSLDGDCLVYKVKILGNNFPADGPVMQNKAGRWEPATEIVYEVDGVLRGQSLMALKCPGGRHLTCHLHTTYRSKKPASALKMPGFHFEDHRIEIMEEVEKGKCYKQYEAAVGRYCDAAPSKLGHN,0
MASFLKKTMPFKTTIEGTVNGHYFKCTGKGEGNPFEGTQEMKIEVIEGGPLPFAFHILSTSCMYGSKTFIKYVSGIPDYFKQSFPEGFTWERTTTYEDGGFLTAHQDTSLDGDCLVYKVKILGNNFPADGPVMQNKAGRWEPSTEIVYEVDGVLRGQSLMALKCPGGRHLTCHLHTTYRSKKPASALKMPGFHFEDHRIEIMEEVEKGKCYKQYEAAVGRYCDAAPSKLGHN,0
MSVITSEMKMELRMEGAVNGHKFVITGKGSGQPFEGIQNMDLTVIEGGPLPFAFDILTTVFDYGNRVFVKYPEEIVDYFKQSFPEGYSWERSMSYEDGGICLATNNITMKKDGSNCFVYEIRFDGVNFPANGPVMQRKTVKWEPSTEKMYVRDGVLKGDVNMALLLQGGGHYRCDFRTTYKAKKVVQLPDYHFVDHRIEITSHDKDYNKVKLYEHAKAHSGLPRLAK,0
VSVITSEMKIEVRMEGAVNGHKFVITGKGSGQPFEGIQNVDLTVIEGGPLPFAFDILTTAFHYGNRVFVKYPEEIVDYFKQSFPEGYSWERSMSYEDGGICLATNNITMKKDGSNCFVNEIRFDGVNFPANGPVMQRKTVKWESSTEKMYVRDGVLKGDVNMALLLQGGGHYRCDFRTTYKAKKVVQLPDYHFVDHLMEITSHDKDYNKVKLYEHAKAHSGLPRLAK,0
MASLVKKDMCIKMTMEGTVNGHHFKCVGEGEGKPFEGTQVEKIRITEGGPLPFAYDILAPCCMYGSKTFIKHVSGIPDYFKESFPEGFTWERTQIFEDGGYLTIHQDTSLQGNNFIFKVNVIGANFPANGPVMQKKTAGWEPCVEMLYPRDGVLCGQSLMALKCTDGNHLTSHLRTTYRSRKPSNAVNMPEFHFGDHRIEILKAEQGKFYEQYESAVARYCEAAPSKLGHH,0
MAPLVTEDMCIKMTMEGTINGHHFKCVGEGEGKPFEGTQVEKIRITEGGPLPFAYDILAPCCMYGSKTFIKHVSGIPDYFKESFPEGFTWERTQIFEDGGSLTIHQDTSLQGNNFIFKVNVIGANFPANGPVMQKKTAGWEPSVEILYPRDGVLCGQALMALKCTDGDHLTSHLRTTYRSRKPSNAVNMPEFHFGDHRIEILKAEQGKFYEQYESAVARYCEAAPSKLGHH,0
MSQLDNNLSVSVYMKGNVNNHEFEYDGIGGGDPNSGQFSLKTKLRGGKPLPFSYDIITMGFQYGFRAFTKYPEGIADYFKGSFPEAFQWNRRIEFEDGGVINMSSDITYKDKVLHGDVWALGVNFPPNGPVMKNEIVMEEPAEETLTAKNGVLVGFCPKAYLLKDGSYYYGHMTTFYRSKKSGQPLPGFHFIKHRLVKTKVEPGFKMVEQAEYATAHVCDLPKPN,0
MVSVIAKQMTYKVYMSGTVNGHYFEVEGDGKGKPYEGEQTVKLTVTKGGPLPFAWDILSPLFQYGSIPFTKYPEDIPDYVKQSFPEGYTWERTMNFEDGAVCTVSNDSSIQGNCFIYNVKISGVNFPPNGPVMQKKTQGWEPSTERLFARDGMLIGNDYMALKLEGGGHYLCEFKSTYKAKKPVRMPGYHYVDRKLDVTSHNRDYTSVEQCEIAIARHSLLG,0
MNLSKNVSVSVYMKGNVNNHEFEYDGEGGGDPYTGKYSMKMTLRGQNCLPFSYDIITTAFQYGFRVFTKYPEGIVDYFKDSLPDAFQWNRRIVFEDGGVLNMSSDITYKDNVLHGDVWAVGVNFPPNGPVMKNEIVMEEPTEETFTPKNGVLVGFCPKAYLLKDGSYYYGNMTTFYRSKKSGQAPPGYHFVKHRLVKTNVGHGFKTVEQTEYATAHVSDLPK,0
MSVIKEEMKIRLRMEGIVNGHAFVIEGNGNGHPFEGKQSMDLEVKKGAPLPFAYDILTTAFHYGNRVFAKYPGNIPDYFKQSFPKGFSWERSLIFEDGGICIATNDITMEGDTFVNKVRFYGVNFPPNGPVMQKRTVKWEASTEKMYVRDGVLTGDITMALLLKGDVHYRCDFRTTYKTNQEDVKLPGYHFVDHCISILSHDKDYTKVKLYEHAVAHSGLPDNGK,0
MSVIKSVMNVKLRLEGAVNGHPFVIEGKGNGHPFEGTQDIKLTVKEGGPLPFAYDILTTVFHYGNRVFVKYPDDIVDYFKLSFPEGYSWERSMVYEDGGVCLATSDIKLLKDEENCFFHKIRFDGVNFPANSPVMLKTTQKWEPSTEKMYARDGVVKGDVNMALLLKGGGHYRCDFKTTYKAKKYVPLPDYHFVDHRIEITSHDKDYNIVNVFEDAVAHSGLTTEAGQANA,0
MRGSHHHHHHTDPMSVIKPDMKIKLRMEGAVNGHPFAIEGVGLGKPFEGKQSMDLKVKEGGPLPFAYDILTTVFCYGNRVFAKYPENIVDYFKQSFPEGYSWERSMNYEDGGICNATNDITLDGDCYIYEIRFDGVNFPANGPVMQKRTVKWEPSTEKLYVRDGVLKGDGNMALSLEGGGHYRCDFKTTYKAKKVVQLPDYHFVDHHIEIKSHDKDYSNVNLHEHAEAHSELPRQAK,0
MRGSHHHHHHGMASMTGGQQMGRDLYDDDDKDPMSVIKPDMKIKLRMEGAVNGHPFAIEGVGLGKPFEGKQSMDLKVKEGGPLPFAYDILTTVFCYGNRVFAKYPENIVDYFKQSFPEGYSWERSMNYEDGGICNATNDITLDGDCYIYEIRFDGVNFPANGPVTQKRTVKWEPSTEKLYVRDGVLKGDVNMALSLEGGGHYRCDFKTTYKAKKVVQLPDYHFVDHHIEIKSHDKDYSNVNLHEHAEAHSELPRQAK,0
MRGSHHHHHHGMASMTGGQQMGRDLYDDDDKDPMSVIKPDMKIKLRMEGAVNGHPFAIEGVGLGKPFEGKQSMDLKVKEGGPLPFAYDILTTVFCYGNRIFAKYPENIVDYFKQSFPEGYSWERSMNYEDGGICNATNDITLDGDCYIYEIRFDGVNFPANGPVTQKRTVKWEPSTEKLYVRDGVLKGDVNMALSLEGGGHYRCDFKTTYKAKKVVQLPDYHFVDHHIEIKSHDKDYSNVNLHEHAEAHSELPRQAK,0
MNSLIKENMRMMVVMEGSVNGYQFKCTGEGDGNPYMGTQTMRIKVVEGGPLPFAFDILATSFMYGSKTFIKHTKGIPDFFKQSFPEGFTWERVTRYEDGGVFTVMQDTSLEDGCLVYHAKVTGVNFPSNGAVMQKKTKGWEPNTEMLYPADGGLRGYSQMALNVDGGGYLSCSFETTYRSKKTVENFKMPGFHFVDHRLERLEESDKEMFVVQHEHAVAKFCDLPSKLGRL,0
MRGSHHHHHHGIHMNSLIKENMRMMVVMEGSVNGYQFKCTGEGDGNPYMGTQTMRIKVVEGGPLPFAFDILATSFMYGSKTFIKHTKGIPDFFKQSFPEGFTWERVTRYEDGGVFTVMQDTSLEDGCLVYHAKVRGVNFPSNGAVMQKKTKGWEPSTEMLYPADGGLRGYSQMALNVDGGGYLSCSFETTYRSKKTVENFKMPGFHFVDHRLERLEESDKEMFVVQHEHAVAKFCDLPSKLGRL,0
MRGSHHHHHHGIHMNSLIKENMRMMVVMEGSVNGYQFKCTGEGDGNPYMGTQTMRIKVVEGGPLPFAFDILATSFMYGSKTFIKHTKGIPDFFKQSFPEGFTWERVTRYEDGGVFTVMQDTSLEDGCLVYHAKVNGVNFPSNGAVMQKKTKGWEPSTEMLYPADGGLRGYSQMALNVDGGGYLFCSFETTYRSKKTDENFKMPGFHFVDHRLERLEESDKEMFVVQHEHAVAKFCDLPSKLGRL,0
MRGSHHHHHHGIHMNSLIKENMRMMVVMEGSVNGYQFKCTGEGDGNPYMGTQTMRIKVVEGGPLPFAFDILATSFMYGSKTFIKHTKGIPDFFKQSFPEGFTWERVTRYEDGGVFTVMQDTSLEDGCLVYHAKVNGVNFPSNGAVMQKKTKGWEPSTEMLYPADGGLRGYAQMALNVDGGGYLFCSFETTYRSKKTDENFKMPGFHFVDHRLERLEESDKEMFVVQHEHAVAKFCDLPSKLGRL,0
MRGSHHHHHHGIHMNSLIKENMRMMVVMEGSVNGYQFKCTGEGDGNPYMGTQTMRIKVVEGGPLPFAFDILATSFMYGSKTFIKHTKGIPDFFKQSFPEGFTWERVTRYEDGGVFTVMQDTSLEDGCLVYHAKVNGVNFPSNGAVMQKKTKGWEPSTEMLYPADGGLRGYCQMALNVDGGGYLFCSFETTYRSKKTDENFKMPGFHFVDHRLERLEESDKEMFVVQHEHAVAKFCDLPSKLGRL,0
HHMSAIKPDMKINLRMEGNVNGHHFVIDGDGTGKPFEGKQSMDLEVKEGGPLPFAFDILTTAFHYGNRVFAEYPDHIQDYFKQSFPKGYSWERSLTFEDGGICIARNDITMEGDTFYNKVRFHGVNFPANGPVMQKKTLKWEPSTEKMYVRDGVLTGDITMALLLEGNAHYRCDSRTTYKAKEKGVKLPGYHLVDHCIEILSHDKDYNKVKLYEHAVAHSGLPDNARR,0
NVIKPFMRFKVHMEGSVNGHEFEIEGEGEGKPYEGTQTAKLKVTKGGPLPFAWDILSPQFMYGSKVYTKHPADIPDYKKLSFPEGFKWERVMNFEDGGVVTVTQDSSLQDGTFIYHVKFIGVNFPSDGPVMQKKTLGWEPSTERLYPRDGVLKGEIHKALKLKGGGHYLCEFKSIYMAKKPVKLPGYYYVDSKLDITSHNEDYTVVEQYERTEARHHLFL,0
MSCSKSVIKEEMLIDLHLEGTFNGHYFEIKGKGKGQPNEGTNTVTLEVTKGGPLPFGWHILCPQFQYGNKAFVHHPDNIHDYLKLSFPEGYTWERSMHFEDGGLCCITNDISLTGNCFYYDIKFTGLNFPPNGPVVQKKTTGWEPSTERLYPRDGVLIGDIHQALTVEGGGHYACDIKTVYRAKKAALKMPGYHYVDTKLVIWNNDKEFMKVEEHEIAVARHHPFYEPKKDK,0
MSCSKSVIKEEMLIDLHLEGTFNGHYFEIKGKGKGQPNEGTNTVTLEVTKGGPLPFGWHILCPQFQYGNMAFVHHPDNIHDYLKLSFPEGYTWERSMHFEDGGLCCITNDISLTGNCFYYDIKFTGLNFPPNGPVVQKKTTGWEPSTERLYPRDGVLIGDIHHALTVEGGGHYACDIKTVYRAKKAALKMPGYHYVDTKLVIWNNDKEFMKVEEHEIAVARHHPFYEPKKDK,0
MSYSKQGIAQVMKTKYHMEGSVNGHEFTIEGVGTGNPYEGTQMSELVITKPAGKPLPFSFDILSTVFQYGNRCFTKYPEGMTDYFKQAFPDGMSFERSFLYEDGGVATASWNIRLERDCFIHKSIYHGVNFPADGPVMKKKTIGWDKAFEKMTVSKDVLRGDVTEFLMLEGGGYHSCQFHSTYKPEKPVTLPPNHVVEHHIVRTDLGQTAKGFTVKLEEHAAAHVNPLKVQ,0
MSYSKQGIAQVMKTKYHMEGSVNGHEFTIEGVGTGNPYEGTQMSELVITKPAGKPLPFSFDILSTVFQYGNRCFTKYPEGMTDYFKQAFPDGMSYERSFLYEDGGVATASWNIRLERDCFIHKSIYHGVNFPADGPVMKKKTIGWDKAFEKMTVSKDVLRGDVTEFLMLEGGGYHSCQFHSTYKPEKPAALPPNHVVEHHIVRTDLGQSAKGFTVKLEEHAAAHVNPLKVQ,0
MSYSKQGIAQVMKTKYHMEGSVNGHEFTIEGVGTGNPYEGTQMSELVITKPAGKPLPFSFDILSTVFQYGNRCFTKYPEGMTDYFKQAFPDGMSYERSFLYEDGGVATAGWNIGLERDCFIHKSIYHGVNFPADGPVMKKKTIGWDKAFEKMTVSKDVLRGDVTGFLMLEGGGYHSCQFHSTYKPEKPAALPPNHVVEHHIVRTDLGQSAKGFTVKLEEHAAAHVNPLKVQ,0
MALSKQSLPSDMKLIYHMDGNVNGHSFVIKGEGEGKPYEGTHTIKLQVVEGSPLPFSADILSTVFQYGNRCFTKYPPNIVDYFKNSCSGGGYKFGRSFLYEDGAVCTASGDITLSADKKSFEHKSKFLGVNFPADGPVMKKETTNWEPSCEKMTPNGMTLIGDVTGFLLKEDGKRYKCQFHTFHDAKDKSKKMPMPDFHFVQHKIERKDLPGSMQTWRLTEHAAACKTCFTE,0
MALPKQMKLTYHMEGTVNGHFFIIKGEGGGEPYEGTHTIKLQVVEGSPLPFSPDILSTVFQYGNRCFTKYPPNIVDYFKNSCSGGGYTFGRSFLYEDGAVCTASGDITLSSDKSSFEHKSKFLGVNFPADGPVMKKETTNWEPSCEKMTPNGMTLIGDVTEFLLKKDGKRYKCQFHTFHDAKEKSRNMPMPDFHFVQHEIERKDLPGPMQTWQLTEHAAACKNCFTE,0
MSVIKTDMKIRLQMQGAVNGHPFVITGEGEGKPYEGKHTINLTVQDGGPLPFAFDILTTAFQYGNRVFTKYPKDIPDYFKQSFPAGYSWERCMTFEDGGLCTVSSHIKIEGDYFTYDIRFHGVNFPAGGPVMQKKTLRWEPSTENMYVRDGVLVGEVERTLLLEGNKHHRCNFRTTYKAKKEVVLPEYHFVDHRIEILGHDKDYNNVVVYENAVARQQASTLPSKAK,0
MSFSKQVLNDVTMTYFMEGSVNGHDFTIEGEGTGKPYEGHQRFNLRVTKGAPLPFAVDILSAAFAYGNRCFTKYPKEIPDFFKQSLPEDMSWERTMTFEDGGIVAISAHIRLIGNRFEHKSKFVGVNFPADGPVMQRKTLGWEPSSEKMTPRDGILKGYVPSFLVLQGGGNYRCDYDTSYRAMKPVEMPGGHFIQHRIVRRDIKKDSNGNTWQIQEDAFAHNSEVPDSA,0
MASTKNVLPNMMTLTYHMEGSVNGHNFEIIGEGTGNPKEGKHTITLQVVKGGPLPFSVDILSTVFQYGNRCFTKYPPNTVDYFKNSCPPGYTFERSFLYEDGAVCTASGDITLSDDKASFHHKSKFFGVNFPDDGPVMKKKTTDWEPSCEKMTPSGKTLKGDVIEFLLLEGGGRYKCQFHTVYRAKTEPKRMPEFHFVQHKLTRTDVSDPLKQQWQLTEDAAACESCFHK,0
MSLSKHGITQEMPTKYHMKGSVNGHEFEIEGVGTGHPYEGTHMAELVIIKPAGKPLPFSFDILSTVIQYGNRCFTKYPADLPDYFKQAYPGGMSYERSFVYQDGGIATASWNVGLEGNCFIHKSTYLGVNFPADGPVMTKKTIGWDKAFEKMTGFNEVLRGDVTEFLMLEGGGYHSCQFHSTYKPEKPVELPPNHVIEHHIVRTDLGKTAKGFMVKLVQHAAAHVNPLKVQ,0
MSYSKQGIVQEMKTKYRMEGSVNGHEFTIEGVGTGYPYEGKQMSELVIIKPKGKPLPFSFDILSSVFQYGNRCFTKYPADMPDYFKQAFPDGMSYERSFLFEDGAVATASWNIRLEGNCFIHNSIFHGVNFPADGPVMKKKTIGWDKSFEKMTVSKEVLRGDVTMFLMLEGGGYHRCQFHSTYKTEKPVELPPNHVVEHQIVRTDLGQSAKGFTVKLEAHAAAHVNPLKVQ,0
MSYSKQGIVQEMKTKYHMEGSVNGHEFTIEGVATGYPYEGKQMSELVIIKPKGKPLPFSFDILSSVFQYGNRCFTKYPADIPDYFKQAFPDGMSYERSFLFEDGAVATASWNIRLEGNCFIHNSIFHGVNFPADGPVMKKQTIGWDKSFEKMTVSKEVLRGDVTMFLMLEGGGYHRCQFHSTYKTEKPVTLPPNHVVEHQIVRTDLGQSAKGFTVKLEALAAAHVNPLKVQ,0
MSVIVKEMMTKLHMEGTVNGHAFTIEGKGKGDPYNGVQSMNLDVKGGAPLPFSFDLLTPAFMYGNRVFTKYPEDIPDFFKQVFPEGYHWERSITFEDQAVCTATSHIRLDQKEMCFIYDVRFHGVNFPANGPIMQKKILGWEPSTEKMYARDGVLKGDVNMTLRVEGGGHYRADFRTTYKAKKPVNLPGYHFIDHRIEITKHSKDYTNVALYEAAVARHSPLPKVA,0
MSYSKQGIVQEMKTKYHMEGSVNGHEFTIEGVGTGYPYEGKQMSELVIIKPAGKPLPFSFDILSSVFQYGNRCFTKYPADMPDYFKQAFPDGMSYERSFLFEDGAVATASWNIRLEGNCFIHKSIFHGVNFPADGPVMKKKTIDWDKSFEKMTVSKEVLRGDVTMFLMLEGGGSHRCQFHSTYKTEKPVTLPPNHVVEHQIVRTDLGQSAKGFTVKLEAHAAAHVNPLKVK,0
MSYSKQGIAQEMKTKYHMEGSVNGHEFTIEGVGTGYPYEGKQMSELVIIKPAGKPLPFSFDILSSVFQYGNRCFTKYPADMPDYFKQAFPDGMSYERSFLFEDGAVATASWKIRLEGNCFIHNSIFNGVNFPADGPVMEKKTIGWDKSFEKMTVSKEVLRGDVTMFLMLEGGGSHRCQFHSTYKTEKPVTLPPNHVVEHQIVRTDLGQSAKGFTVKLEAHAAAHVNPLKVK,0
MSVINPDMKIKLYMEGAVNGHKFEIKGEGNGKPFEGKQTMDLAVVDGGPLPFAFDILTTSFNYGNRVFTKYPDTIVDYFKPSFPEGYSWERSMTYEDGGICIATNDITLLKDTDDSNYFYYKIRFDGVNFAANGPVMQKKTAKWEPSTEKMYVRDGVLKGEVNMALLLEGGGHYRCDFKTTYKAKKVVRLPSYHFVDHRIEILSHSKDYNQVRLHEHAEAHSGLPRQAK,0
MNVIKPDMKIKLRMEGAVNGHKFAIEGEGNGQPFEGKQTMNLKVKEGGPLPFAYDILTTIFNYGNRVFVKYPDDIVDYFKQSFPEGYSWERSMIYEDGGICIATNDITLEGDCFVYKIRFDGVNFPAKSPVLQKMTKKWEPSTEKLYVRDGVLKGDVNMALLLEGGGHFRCDFKTTYKAKKVVQLPDYHFVDHRIEIMSHDKDYNNVKLCEHAEAHSGLPGQAK,0
MNVIKPDMKIRLRMEGAVNGHKFVIIGKGDGKPYEGTQTMDLEVIEGGPLPFAFDILTTVFKYGNRAFVKYPTDIADYFKQSFPEGFSWERSMTYEDGGICIATNDITLSKDIANCFDYNIRFDGVNFPPNSPVLQKTTIKWEPSTENMYVRDGVLKGDINMSLLLEGGAGHYRCDFKTTYKAKKAVKLPDYHFVDHRITIVSHDKDYNKVKLREHAEAHSGLQMEAK,0
MALSKQGIQTDMKMTYSMEGCVNGHNFTVKGGGDGNPYEGHQELRLCITMAKGEPVPFAFDILSAAFCYGNRCFTKYPDEIRDYFKQAFPGGLSWERSMAFEDGASAAVTAEISLEGDCFEHECEFVGVNFPANGPVMQKKTQGWETSTEKMTAHGKVVQGNVPMFLKLEGGGRHRCDFRTTYKAKKDVKMPNSHFITHCLVRKGDGNNTELIEDAEARN,0
MSVIKPDMKIKLRMEGAVNGHKFAIEGEGKGQPFQGKQTMNLKVKEGGPLPFAYDILTTIFNYGNRVFAKYPDDIVDYFKQSFPEGYSWERSMTYEDGGICIATNDITLDGDCFVYKIRFDGVNFPAKSPVLQKKTQKWEPSTEKLYVRDGLLKGDVNMALLLEGGGHYRCDFKTTYKAKKVVQLPDYHFVDHCIEIVSHDKDYNNVKLCEHAEAHSGLPKEAK,0
MNVIKPDMKIKLCMRGTINGHNFVIEGEGKGNPYEGTQILDLNVTEGAPLPFAYDILTTVFQYGNRAFTKYPADIQDYFKQTFPEGYHWERSMTYEDQGICTATSNISMRGDCFFYDIRFDGVNFPPNGPVMQKKTLKWEPSTEKMYVRDGVLKGDVNMALLLEGGGHYRCDFKTTYKAKKDVRLPDYHFVDHRIEILKHDKDYNKVELYENAVARYSMLPSQAK,0
MALSKNGVKDRMKLKFHMEGSVNGHEFTIKGEGTGQPYEGTQSIQLRVEKGGPLPFSVDILSAVFLYGNRVFTKYPQDLVDYFKNSCPAGYTWQRSFLFEDGAVCTASADITVSVEENCFYHESKFHGVNFPADGPVMKKMTTNWEPSCEKITPIPNEGILKGDVTMFLLLKDGGRYRCQFDTVYKAKSDPKTIMMPDWHFIQHKLNREDRSDAKHQKWRLVENAIAYRSTLS,0
MEIEDVIKRDMKIKLRMEGAVNGHKFVIIGNGDGKPYEGTQTIDLEVIEGAPLPFAFDILTTVFEYGNRVFAKYPNEIVDYFKQSFPEGYSWERSMTYEDGGICIATNNITLSKVIDNCFHYNIRFDGVNFPPKSPVLQKTTMKWEPSTEIMYVRDGVLKGDVNMALLIEGGGHYRCDFKTIYKAKKVVELPDYHFVDHRITIKSHDKDYNKVLLHEHAKARYGLQRKAK,0
MALSKQVTMKYHMDGRFEDKEFTIEGEGTGKPYEGKQTVTLWVTKGAPLPFSFDILSAVFLYGNRAFTDYPKGIVDYFKPSFPEGYSFERTLEFEDGGYCTASADISLDSASNCFIHKSSFKGVKFPDNGPVKQKKTTNWEPSIEKMTVRDGILKGDVTMFLSLTDGGNHRCQFSTLYKAKKAVKLPTESHYVEHRLVRTDLPNGKVQLEEHAAARLNTV,0
MSVIKQEMKIKLHMDGNVNGHAFVIEGDGKGKPYDGTQTLNLSVKEGAPLPFSYDILTNAFQYGNRAFTKYPADIPDYFKQTFPEGYSWERTMSYEDNAICNVRSEISMEGDCFIYKIRFDGKNFPPNGPVMQKKTLKWEPSTEMMYARDGFLMGDVNMALLLEGGGHHRCDFKTSYKAAKKNVQLPDYHYVDHRIEILSHDRDYNKVKLYENAVARYSLLPSQA,0
MALTKQCIANEMTMTFHMDGCVNGHYFTIEGEGSGRPYEGKQMSKFKVTKGGPLPFSFDILSSAFKYGNRCFTAYPAGMHDYFKQAFPEGMSYERTFTFEDGGVATASGDISLKGNCFVHKSMFHGVNFPADGPVMKKKTTGWDPSFEKMTVCNGILKGDVTMFLMLEDGKNYKCQFHTSYKTKKPVTLPSNHVVEHRIVRTNLDKAGNHVQLDEHAVAHVNPL,0
MALSKHGLTKDMTMKYHMEGSVDGHKFVITGHGNGNPFEGKQTMNLCVVEGGPLPFSEDILSAAFDYGNRVFTEYPQGMVDFFKNSCPAGYTWHRSLLFEDGAVCTTSADITVSVEENCFYHNSKFHGVNFPADGPVMKKMTTNWEPSCEKIIPVPRQGILKGDIAMYLLLKDGGRYRCQFDTIYKAKSDPKEMPEWHFIQHKLTREDRSDAKNQKWQLVEHAVASRSALPG,0
MALSKNGLTKNMTTKYRMEGCVDGHKFVITGDGIGDPFEGKQTSIDLCVVEGGPLPFSEDILSAVFDYGNRVFTKYPQDLVDYFKNSCPAGYTWQRSFLFEDGAVCTASADITVSVEENCFYHESKFHGVNFPADGPVMKKMTTNWEPSCEKITPIPNEGILKGDVTMFLLLKDGGRYRCQFDTVYKAKSDPKTIMMPDWHFIQHKLNREDRSDAKHQKWRLVENAIAYRSTLS,0
MALSKQSGVKDVMNTELHMDGIVNGHPFEIKGKGKGNPYKGVQTMKLTVIKGAPLPFSIDILLPQHMYGSKPFIKYPESIPDYIKLSFPEGITWERSMTFEDGAVCTVSNDSRLDGDSFIYEVRFLGVNFPRDGPVMQKKTRGWDPSTERLYECGGWQRGDVHMALKLENGGHYTCDFKTTYKSKKGLKVPPYHFVDHKLDLLSHNTDGATFEEFEQREIAHAHLSNLPVA,0
MSLINPEMKIKLLMEGNVNGHPFVIEGDGKGHPFEGKQSMDLVVKEGAPLPFAYDILTTAFHYGNRVFAKYPDHIPDYFKQSFPNGFSWERSLMFEDGGVCIATNDITLEGDTFFNKVRFYGVNFPPNGPVMQKKTLKWEASTEKMYLRDGVLTGDITMALLLKGDVHYRCDFRTTYKSRQEGVKLPGYHFVDHCISIVSHDKDYTKVKLYEHAVAHLGLPENVK,0
MSVIKPDMKLKLRMEGTVNGHYFVIEGDGKGRPFEGKQSMDLDVKEGGPLPFAYDILTTAFHYGNRVFAEYPDHIPDYFKQSFPGGYSWERSLTFEDGGICIARNDIKMVGDTFYNTVRFDGVNFPPNGPVMQRRTQKWEPSTEKIYVRDGVLTGDITMALLLEGGVHYRCDFRTTYKAKEKGVQLPGYHFVDHCIEILSHDKDYNKVKLYEHAVAHSGLPDNKRQ,0
MSAIKTVVKQFMKIKMSLEGTVNGHYFKIVGEGDGTPFEGKQTLHLKVKEGAPLPFAYDILTTALHYGNRVFVEYPENIPDYFKQSFPKGYSWERSLTFEDGGICIARSDIKMVGDTFHNEVQFYGVNFPANGPVMQRHTVKWEPSTEKIYVRDGVLTGDITMALLLKGGTHYRCDFRTTYKAKEKGPKFPGYHLVDHCIEITSHDKDYNVVELYEHAVAHSGLPDSANR,0
MSVIKQVMKTKLHLEGTVNGHDFTIEGKGEGKPYEGLQHMKMTVTKGAPLPFSVHILTPSHMYGSKPFNKYPADIPDYHKQSFPEGMSWERSMIFEDGGVCTASNHSSINLQENCFIYDVKFHGVNLPPDGPVMQKTIAGWEPSVETLYVRDGMLKSDTAMVFKLKGGGHHRVDFKTTYKAKKPVKLPEFHFVEHRLELTKHDKDFTTWDQQEAAEGHFSPLPKALP,0
MSVIAKQMTYKVYMSGTVNGHYFEVEGDGKGKPYEGEQTVKLTVTKGGPLPFAWDILSPQSQYGSIPFTKYPDDIPDYVKQSFPEGYTWERIMNFEDGAVCTVSNDSSIQGNCFIYNVKFSGLNFPPNGPVMQKKTQGWEPNTERLFARDGMLIGNNFMALKLEGGGHYLCEFKSTYKAKKPVRMPGYHYVDRKLDVTNHNRDYTSVEQCEISIARKPVVA,0
MSVIATQMTYKVYMSGTVNGHYFEVEGDGKGKPYEGEQTVRLTVTKGGPLPFAWDILSPQSQYGSIPFTKYPEDIPDYVKQSFPEGYTWERIMNFEDGAVCTVSNDSSIQGNCFIYHVKFSGLNFPPNGPVMQKKTQGWEPNTERLFARDGVLIGNNFMALKLEGGGHYLCEFKSTYKAKKPVKMPGYHFVDRKLDVTNHNKDYTSVEQREISIARKPVVA,0
MSVIAKQMTYKVYMSGTVNGHYFEVEGDGKGKPYEGEQTVKLTVTKGGPLPFAWDILSPQCQYGSIPFTKYPEDIPDYVKQSFPEGYTWERIMNFEDGAVCTVSNDSSIQGNCFIYHVKFSGLNFPPNGPVMQKKTQGWEPNTERLFARDGMLLGNNFMALKLEGGGHYLCEFKTTYKAKKPVKMPGYHYVDRKLDVTNHNKDYTSVEQCEISIARKPVVA,0
MSVIAKQMTYKVYMSGTVNGHYFEVEGDGKGKPYEGEQTVKLTVTKGGPLPFAWDILSPQSQYGSIPFTKYPEDIPDYVKQSFPEGYTWERIMNFEDGAVCTVSNDSSIQGNCFIYHVKFSGLNFPPNGPVMQKKTQGWEPNTERLFARDGMLIGNNFMALKLEGGGHYLCEFKSTYKAKKPVKMPGYHYVDRKLDVTNHNKDYTSVEQCEISIARKSVVA,0
MSVIAKQMTYKVYMSGTVNGHYFEVQGDGKGKPYEGEQTVKLTVTKGGPLPFAWDILSPQAQYGSIPFTKYPEDIPDYVKQSFPEGYTWERIMNFEDGAVCTVSNDSSIQGNCFIYNVKFSGLNFPPSGPVMQKKTQGWEPNTERLLARDGMLIGNNFMALKLEGGGHYLCEFKSTYKAKKPVKMPGYHFVDRKLDVTNHNQDYTSVEQCEISIARKPVVA,0
MSVIAKQMTYKVYMSGTVNGHYFEVEGDGKGKPYEGEQTVKLTVTKGGPLPFAWDILSPLSQYGSIPFTKYPEDIPDYVKQSFPEGYTWERIMNFEDGAVCTVSNDSSIQGNCFIYNVKISGVNFPPNGPVMQKKTQGWEPNTERLFARDGMLIGNNFMALKLEGGGYYLCEFKSTYKAKKPVRMPGYHYVDRKLDVTSHNKDYTFVEQCEISIARHSLLG,0
MSVIAKQMTYKVYMSGTVNGHYFEVQGDGKGKPYEGEQTVRLTVTKGGPLPFAWDILSPLSQYGSIPFTKYPEDIPDYVKQSFPEGYTWERIMNFEDGAVCTVSNDSSIQGNCFIYNVKISGLNFPPNGPVMQKKTQGWEPNTERLFARDGMLIGNNFMALKLEGGGHYLCEFKSTYKAKKPVRMPGYHYVDRKLDVTSHNRDYTSVEQCEISIARHSLLG,0
MSHSKQALADTMKMTWLMEGSVNGHAFTIEGEGTGKPYEGKQSGTFRVTKGGPLPFAFDIVAPTLKYGFKCFMKYPADIPDYFKLAFPEGLTYDRKIAFEDGGCATATVEMSLKGNTLVHKTNFQGGNFPIDGPVMQKRTLGWEPTSEKMTPCDGIIKGDTIMYLMVEGGKTLKCRYENNYRANKPVLMPPSHFVDLRLTRTNLDKEGLAFKLEEYAVARVLEV,0
MSLSKQVIGKEMNMTYLMDGSVNGHNFTVEGEGDGKPYEGHQCLKLRITKGEPLPFAFDILTAAFCYGNRCFVNYPAEIADYFKQAFPEGLTWERSMTFEDGGFAAVSADISLNGNCFVHQSKFVGVNFPADGPVMQKKTVGWEPSTEKMIVRDGILEGDVTMYLKLEGGGNYRCEYRTIYKAKKDVKMPKSHFVEHTLVRNNIKKDAKGNTIELIEDASARY,0
MVLSKQMNMTYLMDGSVNGHNFTVEGEGDGKPYEGHQCLKLRITKGEPLPFAFDILTAAFCYGNRCFVNYPAEIADYFKQAFPEGLTWERSMTFEDGGFAAVSADLSLKNGNWFVHQSKFVGVNFPADGPVMQKKTVGWEPSTEKMIVRDGTLEGDVTMYLKLEGGGNYRCDYRTIYKAKKDVKMPKSHFVEHTLVRNNIKKDAKGNTIELIEDASARY,0
MALSKQEIKKEMTMDYVMDGCVNGHSFTVKGDGAGKPYEGHQRLSLHVTGGQPLPFAFDILSAAFAYGNRCFTKYPKEIPDMFKQAFPGGMSWERTMTFEDGGVASVSADISIEKDGCFKHRSKFVGVNFPVNGPVMQNKTRGWEPSIEKMTVRDGTLKGHVTMFLKLEGGGNYRCDFETTYKAKKAVKMLDSHFIEHRLVTTIRGNNVELQEDAEARNSGLGECK,0
MSLSKQVLPRDVKMRYHMDGCVNGHQFIIEGEGTGKPYEGKKILELRVTKGGPLPFAFDILSSVFTYGNRCFCEYPEDMPDYFKQSLPEGHSWERTLMFEDGGCGTASAHISLDKNCFVHKSTFHGVNFPANGPVMQKKTLNWEPSSELITAGDGILKGDVTMFLMLEGGHRLKCQFTTSYKAKKAVKMPPNHIIEHRLVRKEVADAVQIQEHAVAKHFIV,0
MSHSKQVITQEMKMVYHMDGCVNGHSFTIEGEGTGKPYEGNQTLKLRVTKGGPLPFAFDILTATFCYGNRCFCEYPEDMPDYYKQSFPEGYSFERTMMFEDGACCTTSVHLSLTKNCFVHNSTFHGVNFPANGPVMQKKTLNWEPSSEKITPFEGNLKGDVTMFLKLEGGQQHRCQFQTTYKAHKAVKMPPNHIIEHRLVRSQDGDAVQLKEHAVAKCFTA,0
MSLSKQVLPHDVRMRYHMDGCVNGHSFTIEGEGAGKPYEGKKTLKLRVTKGGPLPFAFDILSATFTYGNRCFCEYPEDMPDYFKQSLPEGYSWERTMMYEDGGCGTSSAHIRLEKNCFVHQSTFLGVNFPANGPVMQKKALNWEPSSELITPCDGILKGDVTMFLMLEGGHRQKCQFTTSYKASKAVKMPPNHIIEHVVWKGEDSDGFQIKEHAVAKHFTVDVKET,0
MSLSKQVVKEDMKMTYHMDGCVNGHYFTIEGEGTGKPFKGQKTLKLRVTEGGPLPFAFDILSATFTYGNRCFCDYPEDMPDYFKQSLPEGYSWERTMMYEDGACGTASAHISLDKNGFVHNSTFHGVNFPANGPVMKKKGVNWEPSSEKITACDGILKGDVTMFLVLEGGHRLKCLFQTTYKADKVVKMPPNHIIEHRLVRSEDGDAVQIQEHAVAKYFTV,0
MSLSKQVLPRDVKMRFHMDGCVNGHSFTIEGEGTGKPYEGKKTLKLRVTKGGPLPFAFDILSATFTYGNRCFCDYPEEMPDYFKQSLPEGYSWERTMMYEDGACSTASAHISLDKDCFIHNSTFHGVNFPANGPVMQKKAMNWEPSSELITPCDGILKGDVTMFLLQEGGHRHKCQFTTSYKAHKAVKIPPNHIIEHRLVRKEVGDAVQIQEHAVAKHFTVQIKEA,0
MSLSKQVVKQDMNMTYHMDGCVNGHSFTIEGEGRGNPFKGQQTLKLRVTKGGPLPFAFDILSATFTYGNRCFCDYPEDMPDYFKQSLPEGYSWERTMMYEDGGCGTASAHISLNKTGFVHKSTFHGVNFPANGPVMQRKTVNWEPSTEKITACDGTLKGDVTMFLLLGGGYQQKCQFQTTYRTDKTVKMPPNHIIEHRLVRSEDGDAVQIQEHAVAKYFTV,0
MSQFPEYLPVTVHMRGNVNNLEFEYDGEGGGDPRAGQFTMNMQLRGRKPLPFSYDIITTGFQYGVRAFTKYPDSIADYFKGSFPEAFQWNRRIEFEDGGVINMSSDITFKDNRVYGDVWALGVNFPPNGPVMKNEIVMEEPAEETLIPQNGVLVGFCPKAYLLKDGSYYYGKMTTFYRSKKSGQALPGFHFIQHRLVKTKVEPGFKMVEQSEYATAFVSDLPK,0
MSYSKQGIVQEMKTKYHMEGSVNGHEFTIEGVGTGYPYEGKQMSELVIIKPAGKPLPFSFDILSSVFQYGNRCFTKYPADMPDYFKQAFPDGMSYERSFLFEDGAVATASWKIRLEGNCFIHNSIFHGVNFPADGPVMKKKTIGWDKSFEKMTVSKEVLRGDVTMFLMLEGGGSHRCQFHSTYKTEKPVTLPPNHVVEHQIVRTDLGQSAKGFTVKLEAHAAAHVNPLKVK,0
MSYSKQGIVQEMKTKYHMEGSVNGHEFTIEGVGTGNPYEGTQMSELVITKPAGKPLPFSFDILSTVFQYGNRCFTKYPEGMTDYFKQAFPDGMSYERSFLYEDGGVATASWNIRLERDCFIHKSIYHGVNFPADGPVMKKKTIGWDKAFEKMTVSKDVLRGDVTEFLMLEGGGYHSCQFHSTYKPEKPVTLPPNHVVEHHIVRTDLGQRAKGFTVKLEEHAAAHVNPLKVK,0
MSYSKQGIVQAMKTKYHMEGSVNGHEFTIEGVGTGNPYEGTQMSELVITKPAGKPLPFSFDILSTVFQYGNRCFTKYPEGMTDYFKQAFPDGMSYERSFLFEDGGVATASWNIRLEGDCFIHKSIYHGVNFPADGPVMKKKTIGWEKSFEKMTVSKDVLRGDVTMFLMLEGGGYHRCQFHSTYKPEKPGTLPPNHVVEHHIVRTDLGQSAKGFTVKLEEHAAAHVNPLKVK,0
MALSKHGLTKDMTMKYHMEGSVDGHKFVITGHGNGNPFEGKQTVNLCVAEGGPLPFSEDILSAAFDYGNRVFTEYPQGMVDFFKNSCPAGYTWHRSLLFEDGAVCTTSADITVSVEENCFYHNSKFHGVNFPADGPVMKKMTTNWEPSCEKIIPVPRQGILKGDIAMYLLLKDGGRYRCQFDTIYKAKSDPKEMPEWHFIQHKLTREDRSDAKNQKWQLVEHAVASRSALPG,0
MSYSKQGIVQVMKTKYHMEGSVNGHEFTIEGVGTGNPYEGTQMSELVITKPAGKPLPFSFDILSTVFQYGNRCFTKYPEGMTDYFKQAFPDGMSYERSFLYEDGGVATASWNIRLERDCFIHKSIYHGVNFPADGPVMKKKTIGWDKAFEKMTVSKDVLRGDVTEFLMLEGGGYHSCQFHSTYKPEKPAALPPNHVVEHHIVRTDLGQSAKGFTVKLEEHAAAHVNPLKVK,0
MSVIAKQMTYKVYMSGTVNGHYFEVEGDGKGKPYEGEQTVRLAVTKGGPLPFAWDILSPQCQYGSIPFTKYPEDIPDYVKQSFPEGYTWERIMNFEDGAVCTVSNDSSIQGNCFIYHVKFSGLNFPPNGPVMQKKTQGWEPNTERLFARDGMLIGNNFMALKLEGGGHYLCEFKSTYKAKKPVKMPGYHYVDRKLDVTNHNKDYTSVEQCEISIARKPVVA,0
MSAIKPDMKIKLRMEGNVNGHHFVIDGDGTGKPFEGKQSMDLEVKEGGPLPFAFDILTTAFHYGNRVFAKYPDNIQDYFKQSFPKGYSWERSLTFEDGGICIARNDITMEGDTFYNKVRFYGTNFPANGPVMQKKTLKWEPSTEKMYVRDGVLTGDIHMALLLEGNAHYRCDFRTTYKAKEKGVKLPGYHFVDHCIEILSHDKDYNKVKLYEHAVAHSGLPDNARR,0
MPNMKLECRISGTMNGEEFELVGNGDGNTDEGRMTNKMKSTKGPLSFSPYLLSHVLGYGYYHYATFPAGYENVYLHAMKNGGYSNTRTERYEDGGIISATFNYRYEGDKIIGDFKVVGTGFPTNSIIFTDKIIKSNPTCEHIYPKADNILVNAYTRTWMLRDGGYYSAQVNNHMHFKSAIHPTMLQNGGSMFTYRKVEELHTQTEVGIVEYQHVFKTPTAFA,0
MPNMKLECRISGTMNGEEFKLVGAGEGNTDEGRMTNKVKSTKGPLPFSPYLLSHVLGYGYYHYATFPAGYENVYLHAMKNGGYSNTRTERYEDGGIISATFNYRYEGDKIIGDFKVVGTGFPTNSIIFTDKIIKSNPTCEHIYPKADNILVNAYTRTWMLRDGGYYSAQVNNHMHFKSAIHPTMLQNGGSMFTYRKVEELHTQTEVGIVEYQHVFKRPTAFA,0
HHHHHHGSSELIKENMHMKLYMEGTVNNHHFKCTSEGEGKPYEGTQTMKIKVVEGGPLPFAFDILATSFMYGSKTFINHTQGIPDFFKQSFPEGFTWERITTYEDGGVLTATQDTSLQNGCIIYNVKINGVNFPSNGSVMQKKTLGWEANTEMLYPADGGLRGHSQMALKLVGGGYLHCSFKTTYRSKKPAKNLKMPGFHFVDHRLERIKEADKETYVEQHEMAVAKYCDLPSKLGHR,0
HHHHHHMSAIKPDMKINLRMEGNVNGHHFVIDGDGTGKPFEGKQSMDLEVKEGGPLPFAFDILTTAFHYGNRVFAEYPDHIQDYFKQSFPKGYSWERSLTFEDGGICIARNDITMEGDTFYNKVRFHGVNFPANGPVMQKKTLKWEPSTEKMYVRDGVLTGDITMALLLEGNAHYRCDSRTTYKAKEKGVKLPGYHLVDHCIEILSHDKDYNKVKLYEHAVAHSGLPDNARR,0
MRGSHHHHHHGMASMTGGQQMGRDLYDDDDKDPMSVIKPDMKIKLRMEGAVNGHPFAIEGVGLGKPFEGKQSMDLKVKEGGPLPFAYDILTTVFCYGNRVFAKYPENIVDYFKQSFPEGYSWERSMNYEDGGICNATNDITLDGDCYIYEIRFDGVNFPANGPVMQKRTVKWEPSTENLYVRDGVLKGDVNMALSLEGGGHYRCDFKTTYKAKKVVQLPDYHFVDHHIEIKSHDKDYSNVNLHEHAEAHSELPRQAK,0
MRGSHHHHHHTDPSSRSKTMSVIATQMTYKVYMSGTVNGHYFEVEGDGKGRPYEGEQTVKLTVTKGGPLPFAWDILSPQCQFGSIPFTKYPEDIPDYVKQSFPEGFTWERIMNFEDGAVCTVSNDSSIQGNCFTYHVKFSGLNFPPNGPVMQKKTQGWEPSSERLFARGGMLIGNNFMALKLEGGGHYLCEFKTTYKAKKPVKMPGYHYVDRKLDVTNHNKDYTSVEQCEISIARKPVVA,0
MRGSHHHHHHTDPSSRSKTMSVIATQMTYKVYMSGTVNGHYFEVEGDGKGRPYEGEQTVKLTVTKGGPLPFAWDILSPQCQFGSIPFTKYPEDIPDYVKQSFPEGFTWERIMNFEDGAVCTVSNDSSIQGNCFTYHVKFSGLNFPPNGPVMQKKTQGWEPHSERLFARGGMLIGNNFMALKLEGGGHYLCEFKTTYKAKKPVKMPGYHYVDRKLDVTNHNKDYTSVEQCEISIARKPVVA,0
MSLPATHELHIFGSFNGVDFDMVGRGTGNPNDGYEELNLKSTKGALQFSPWILVPQIGYGFHQYLPFPDGMSPFQAAMKDGSGYQVHRTMQFEDGASLTSNYRYTYEGSHIKGEFQVIGTGFPADGPVMTNSLTAADWCVTKMLYPNDKTIISTFDWTYTTGSGKRYQSTVRTNYTFAKPMAANILKNQPMFVFRKTELKHSKTELNFKEWQKAFTDVM,0
MDSTENVIKPFMRFKVHMEGSVNGHEFEIEGEGEGKPYEGTQTAKLQVTKGGPLPFAWDILSPQFTYGSKAYVKHPADIPDYKKLSFPEGFKWERVMNFEDGGVVTVTQDSSLQDGTFIYHVKFIGVNFPSDGPVMQKKTLGWEPSTERLYPRDGVLKGEIHKALKLKGGGHYLVEFKTIYMAKKPVKLPGYYYVDSKLDITSHNEDYTVVEQYERAEARHHLFQ,0
MDSTENVIKPFMRFKVHMEGSVNGHEFEIEGEGEGKPYEGTHTVKLQVTKGGPLPFAWDILSPQFQYGSKVYVKHPADIPDYKKLSFPEGFKWERVMNFEDGGVVTVTQDSSLQDGTFIYHVKFIGVNFPSDGPVMQKKTLGWEPSTERLYPRDGVLKGEIHKALKLKGGGHYLVEFKSIYMAKKPVKLPGYYYVDSKLDITSHNEDYTVVEQYERTEGRHHLFQ,0
MASLLKKTMPFRTTIEGTVNGHYFKCTGKGEGNPLEGTQEMKIEVIEGGPLPFAFHILSTSCMYGSKAFIKYVSGIPDYFKQSLPEGFTWERTTTYEDGGFLTAHQDTSLDGDCLVYKVKILGNNFPADGPVMQNKAGRWEPSTEIVYEVDGVLRGQSLMALECPGGRHLTCHLHTTYRSKKPASALKMPGFHFEDHRIEILEEVEKGKCYKQYEAAVGRYCDAAPSKLGH,0
MALSNKFIGDDMKMTYHMDGCVNGHYFTVKGEGSGKPYEGTQTSTFKVTMANGGPLAFSFDILSTVFMYGNRCFTAYPTSMPDYFKQAFPDGMSYERTFTYEDGGVATASWEISLKGNCFEHKSTFHGVNFPADGPVMAKKTTGWDPSFEKMTVCDGILKGDVTAFLMLQGGGNYRCQFHTSYKTKKPVTMPPNHVVEHRIARTDLDKGGNSVQLTEHAVAHITSVVPF,0
MAQSKHGLTKEMTMKYRMEGCVDGHKFVITGEGIGYPFKGKQAINLCVVEGGPLPFAEDILSAAFMYGNRVFTEYPQDIVDYFKNSCPAGYTWDRSFLFEDGAVCICNADITVSVEENCMYHESKFYGVNFPADGPVMKKMTDNWEPSCEKIIPVPKQGILKGDVSMYLLLKDGGRLRCQFDTVYKAKSVPRKMPDWHFIQHKLTREDRSDAKNQKWHLTEHAIASGSALP,0
MAHSKHGLKEEMTMKYHMEGCVNGHKFVITGEGIGYPFKGKQTINLCVIEGGPLPFSEDILSAGFKYGDRIFTEYPQDIVDYFKNSCPAGYTWGRSFLFEDGAVCICNVDITVSVKENCIYHKSIFNGVNFPADGPVMKKMTTNWEASCEKIMPVPKQGILKGDVSMYLLLKDGGRYRCQFDTVYKAKSVPSKMPEWHFIQHKLLREDRSDAKNQKWQLTEHAIAFPSALA,0
MSVIKPDMKIKLRMEGAVNGHPFAIEGVGLGKPFEGKQSMDLKVKEGGPLPFAYDILTTAFCYGNRVFAKYPENIVDYFKQSFPEGYSWERSMNYEDGGICNATNDITLDGDCYIYEIRFDGVNFPANGPVMQKRTVKWEPSTEKLYVRDGVLKGDVNMALSLEGGGHYRCDFKTTYKAKKVVQLPDYHFVDHHIEIKSHDKDYSNVNLHEHAEAHSELPRQAK,0
MRGSHHHHHHGMASMTGGQQMGRNLYDDDDKDPGSHMSVIKPDMKIKLRMEGAVNGHPFAIEGVGLGKPFEGKQSMDLKVKEGGPLPFAYDILTTAFHYGNRVFAKYPENIVDYFKQSFPEGYSWERSMSYEDGGICIATNDITLDGDCYIYEIRFDGVNFPANGPVMQKRTVKWEPSTEKLYVRDGVLKGDVNMALSLEGGGHYRCDFKTTYKAKKVVQLPDYHFVDHHIEIKSHDKDYSNVNLHEHAEAHSGLPRQAK,0
MSVIKPDMKIKLRMEGAVNGHPFAIEGVGLGKPFEGKQSMDLKVKEGGPLPFAYDILTTAFHYGNRVFAKYPENIVDYFKQSFPEGYSWERSMSYEDGGICIATNDITLDGDCYINGIRFDGVNFPANGPVMQKRTVKWEPSTEKLYVRDGVLKGDVNMALSLEGGGHYRCDFKTTYKAKKVVQLPDYHFVDHHIEIKSHDKDYSNVNLHEHAEAHSELPRQAK,0
MSVIKPDMKIKLRMEGAVNGHPFAIEGVGLGKPFEGKQSMDLKVKEGGPLPFAYDILTTAFHYGNRVFTKYPENIVDYFKQSFPEGYSWERSMSYEDGGICIATNDITLDGDCYINGIRFDGVNFPANGPVMQKRTVKWEPSTEKLYVRDGVLKGDVNMALSLEGGGHYRCDFKTTYKAKKVVQLPDYHFVDHHIEIKSHDKDYSNVNLHEHAEAHSELPRQAK,0
MRSSKNVIKEFMRFKVRMEGTVNGHEFEIEGEGEGRPYEGHNTVKLKVTKGGPLPFAWDILSPQFQYGSKVYVKHPADIPDYKKLSFPEGFKWERVMNFEDGGVATVTQDSSLQDGCFIYKVKFIGVNFPSDGPVMQKKTMGWEASTERLYPRDGVLKGEIHKALKLKDGGHYLVEFKSIYMAKKPVQLPGYYYVDTKLDITSHNEDYTIVEQYERTEGRHHLFL,0
MSAIKPDMKINLRMEGNVNGHHFVIDGDGTGKPFEGKQSMDLEVKEGGPLPFAFDILTTAFHYGNRVFAEYPDHIQDYFKQSFPKGYSWERSLTFEDGGICIARNDITMEGDTFYNKVRFHGVNFPANGPVMQKKTLKWEPSTEKMYVRDGVLTGDITMALLLEGNAHYRCDFRTTYKAKEKGVKLPGYHFVDHCIEILSHDKDYNKVKLYEHAVAHSGLPDNARR,0
